3097,29459,362781,5018801,26966,253935,3117227,298392,2796641,3697166,3097,-91205064,2685942510476,-79099636302475062,-83486736,2458641618365,-72405738719645073,2250576456212,-66278323957644483,-60669452071796274,4.6877776492881694e+20,7.4251367621259405e+22,7.329734899664233e+27,-3.824750072752361e+31,7.425136762125944e+22,3.6894425944423026e+26,-2.472337180466777e+30,7.329734899664233e+27,-2.4723371804667764e+30,-3.824750072752361e+31,6,6,12,22,15,19,6,22,15,34,7,15,12,15,13,16,23,14,4,14,0,11,3,8,4,1,20,5,4,15,8,6,20,9,12,16,15,12,9,10,3,10,4,17,10,17,3,8,10,4,7,14,8,15,1,18,13,5,4,12,10,12,11,7,2,6,14,1,11,4,10,6,10,4,1,8,5,3,7,8,18,15,15,12,15,6,6,19,2,10,14,18,12,14,10,10,20,19,1,10,17,17,8,6,5,14,17,17,11,10,6,6,20,5,20,8,13,13,18,12,9,20,16
6279,82098,1434278,28377588,81957,1070536,18751046,1407269,18347826,27266481,6279,-515411244,42307493662586,-3472807502965793136,-514526046,42234831889258,-3466843036995519784,42162295609442,-3460888872252756192,-3454944990848087886,5.986793635394581e+31,9.450174922938191e+33,6.919437043600843e+39,-1.3079166787350802e+44,9.450174922938183e+33,3.684666131348797e+38,-9.649387479579674e+42,6.919437043600842e+39,-9.649387479579676e+42,-1.30791667873508e+44,69,7,22,44,31,72,11,29,40,68,21,19,26,28,34,43,32,44,5,10,0,11,14,1,1,15,11,1,1,16,10,6,15,14,10,10,15,10,6,6,6,16,16,15,10,17,1,10,10,6,14,13,15,13,6,13,1,15,15,13,20,1,6,6,1,1,14,10,1,10,3,9,16,3,16,7,13,16,3,1,10,17,15,9,9,13,1,9,1,4,16,9,16,5,1,18,6,11,5,9,6,14,10,17,17,3,14,18,5,13,20,13,16,18,10,12,4,4,14,17,14,5,10
4257,47408,681746,11011100,43779,482762,6906550,596425,6509758,9198699,4257,-201768448,9563191746066,-453265308571573252,-186323424,8831145892922,-418568623106843200,8155137174880,-386527923237206350,-356939895723434832,5.142003171943745e+24,9.291470244958771e+26,1.9005020658151985e+32,-1.852296166337594e+36,9.29147024495877e+26,1.066941116763853e+31,-1.360693800078186e+35,1.9005020658151985e+32,-1.360693800078186e+35,-1.852296166337594e+36,51,5,15,24,7,39,5,26,30,37,17,19,19,13,16,28,21,42,2,11,0,11,1,18,10,1,1,10,10,15,16,6,1,15,16,15,16,13,10,10,15,15,10,18,14,4,8,15,20,18,4,15,16,20,18,16,9,13,17,10,9,4,18,18,8,18,16,1,17,15,17,13,8,6,16,5,10,6,16,10,16,10,10,13,1,17,9,10,6,16,8,1,8,14,6,1,8,4,9,1,6,8,13,9,4,4,18,9,4,1,20,11,6,12,18,10,14,6,6,4,6,14,1
4774,55297,833401,14112259,55793,644262,9635712,845835,9804372,14345483,4774,-263932581,14591623006749,-806703984703554315,-266299989,14722505950474,-813939892153668136,14854563273263,-821240725446666118,-828607067340399129,1.2686265190108242e+26,-5.414949641623675e+27,6.640888114692636e+33,-8.543362223816278e+37,-5.414949641623649e+27,3.532024699880214e+32,-7.138316571885656e+36,6.640888114692636e+33,-7.138316571885657e+36,-8.543362223816278e+37,39,13,29,33,20,24,13,26,26,55,16,12,18,27,34,30,26,28,5,10,0,11,1,1,6,6,3,7,6,16,13,3,16,20,15,16,13,10,1,16,15,20,1,16,13,4,11,2,5,18,5,16,3,15,20,9,5,15,17,19,15,14,10,19,10,19,10,1,4,1,4,14,17,10,6,10,13,8,17,3,4,14,8,14,4,11,9,16,12,10,4,12,8,3,5,9,11,1,1,4,4,4,9,15,10,15,7,3,18,11,1,7,18,7,17,5,6,7,2,2,13,9,1
3971,41792,567634,8648420,40786,428755,5842373,544878,5708475,8170402,3971,-165914240,6932141914450,-289635129618901148,-161920420,6765274092883,-282663140298399743,6602423297202,-275858988505469937,-269218633617190930,2.284069330714515e+23,1.320093847391821e+25,6.92100285739351e+30,-6.261800642899736e+34,1.3200938473918207e+25,3.719383460785895e+29,-5.0229150525451804e+33,6.92100285739351e+30,-5.0229150525451804e+33,-6.261800642899735e+34,29,6,19,17,10,37,13,22,21,53,11,10,25,17,19,25,17,23,5,13,0,11,1,16,7,9,10,10,18,17,13,13,9,1,10,10,9,13,10,16,8,13,12,14,10,10,10,6,13,6,13,16,12,10,13,13,15,8,11,1,1,6,6,10,14,11,8,6,16,11,16,9,3,11,20,14,8,11,3,4,8,9,4,6,8,14,20,18,5,14,17,15,12,13,10,17,10,18,8,16,6,16,6,7,2,1,10,4,1,1,10,18,12,18,10,4,13,6,3,16,5,10,18
3512,34968,465374,7048332,33730,327223,4305657,421330,4005751,5933956,3512,-122772648,4291891659614,-150036142585242852,-118426030,4139942273623,-144724284829802771,3993372700330,-139600495110910069,-134658114543001744,2.0200582950061384e+23,4.21599576611742e+25,5.53666389315114e+30,-4.206576437684161e+34,4.21599576611742e+25,2.957406156201648e+29,-2.783387209559809e+33,5.53666389315114e+30,-2.7833872095598093e+33,-4.206576437684161e+34,44,9,13,23,10,29,9,19,24,33,7,17,13,22,14,21,21,22,3,11,0,11,1,7,15,5,13,1,10,17,14,4,14,9,9,4,10,16,4,8,1,14,16,8,18,1,12,6,9,6,8,10,1,1,3,4,16,18,6,17,11,6,12,15,10,14,15,8,9,18,4,12,17,4,4,12,15,15,14,5,15,4,8,10,5,16,18,3,16,16,8,12,14,16,8,6,6,18,8,10,5,7,4,17,10,20,14,9,3,16,14,6,9,10,5,15,12,8,10,9,4,9,6
3385,32790,417078,6023676,31471,301728,3811038,383417,3633352,5235631,3385,-110961360,3637348227378,-119233420435037184,-106497864,3491033328198,-114437168728513140,3350604237520,-109833855938264834,-105415720458088992,9.735047449595372e+21,1.4882987102405905e+24,2.110494312082298e+29,-1.4536753419961266e+33,1.4882987102405907e+24,1.166548567777514e+28,-1.0409500864944037e+32,2.110494312082298e+29,-1.0409500864944037e+32,-1.4536753419961266e+33,11,21,17,26,6,17,11,18,32,33,2,22,12,14,16,20,28,22,4,3,0,11,10,6,8,19,17,10,10,13,10,18,10,17,16,18,1,15,10,16,16,9,16,18,12,1,14,18,17,3,8,12,16,9,6,10,4,10,15,9,17,18,17,17,18,4,17,14,12,10,4,6,10,7,7,3,6,14,5,2,7,9,13,2,13,13,6,4,15,9,1,15,3,2,17,18,12,6,3,4,13,3,2,18,13,2,14,4,6,9,4,20,17,3,9,1,7,5,16,16,9,2,15
15621,310511,8165399,241652045,305031,6041451,158942959,7915319,156042123,231884415,15621,-4850181820,1505938398194298,-467580504468084469180,-4764584220,1479361101297030,-459328489092648533450,1453252853215178,-451222109232365362726,-443258794620478071090,7.533185948371851e+51,2.2881215931817426e+54,7.02339677106065e+60,-4.122314717118112e+65,2.2881215931817426e+54,3.6943165192604133e+59,-2.908855552243511e+64,7.02339677106065e+60,-2.908855552243511e+64,-4.122314717118112e+65,106,26,66,92,43,92,34,130,88,135,44,67,62,54,48,133,99,141,9,31,0,11,3,13,16,11,6,18,12,16,18,17,8,16,18,4,6,11,17,2,12,16,2,18,19,17,8,4,14,14,8,6,9,18,12,6,18,7,7,8,9,18,16,10,4,4,9,12,1,17,8,8,20,3,13,9,10,14,17,13,9,17,10,14,4,1,8,3,3,11,6,5,3,1,18,8,7,12,13,3,13,10,13,18,10,17,3,17,10,5,10,17,18,17,1,16,10,17,10,13,19,3,7
3861,40231,543059,8265433,38283,397027,5338493,492737,5073887,7099437,3861,-155291660,6245920783158,-251214567498930932,-147772380,5943490853434,-239050654969226532,5655704928188,-227475733285218264,-216461282376811722,2.2207987121351655e+23,3.0712429420555984e+25,6.369892020086153e+30,-5.198956520196713e+34,3.0712429420556e+25,3.376555022213039e+29,-3.7471640349075605e+33,6.369892020086153e+30,-3.7471640349075605e+33,-5.198956520196713e+34,47,11,10,11,14,24,9,12,4,49,10,6,26,9,29,35,17,30,11,7,0,11,10,11,1,16,17,17,16,1,18,13,6,7,13,16,10,13,16,10,13,16,12,16,16,14,4,15,13,10,3,17,15,3,13,10,10,1,15,1,4,10,1,10,10,16,8,18,5,18,1,18,1,10,16,12,6,10,18,10,1,1,10,1,15,15,6,15,15,6,7,19,1,13,8,7,18,5,8,6,7,10,2,10,1,3,10,1,18,1,10,5,14,18,10,13,14,10,1,19,9,1,17
15081,297419,7773139,229297025,298113,5846011,152403131,7693737,149977957,222567423,15081,-4485078520,1333859118051458,-396688740547064335300,-4495544040,1336971554208424,-397614376238845252448,1340091256729488,-398542172939372812790,-399472135696408396386,7.272772376121645e+51,1.1163921207596932e+54,6.809375017264101e+60,-3.940695382785096e+65,1.1163921207596956e+54,3.391335870952176e+59,-2.739462100739133e+64,6.809375017264101e+60,-2.739462100739133e+64,-3.940695382785096e+65,93,20,85,126,52,103,40,64,126,128,27,53,71,85,92,122,72,80,17,37,0,11,13,12,4,6,8,13,7,16,16,14,17,14,4,14,3,2,10,14,16,14,13,18,16,12,12,4,4,11,1,8,9,14,4,16,6,6,3,6,4,18,4,4,20,10,16,5,15,16,18,6,3,6,10,16,17,16,1,18,6,2,1,16,1,1,13,15,15,6,13,1,10,10,7,8,3,15,7,14,8,14,1,18,4,13,16,1,14,1,10,4,10,14,6,10,6,18,3,18,20,3,14
2467,20059,218993,2720725,19706,158519,1717721,206020,1630765,2436854,2467,-49465494,991826199658,-19886979512714892,-48594996,974371900629,-19537004473451483,957224870760,-19193190488515179,-18855429059672130,1.220319417356658e+18,1.0702206097140441e+20,1.1022389057895157e+25,-4.776320385962052e+28,1.0702206097140428e+20,6.309192197352412e+23,-3.9308459584135143e+27,1.1022389057895157e+25,-3.930845958413515e+27,-4.776320385962052e+28,16,6,6,19,13,18,4,22,10,27,7,7,11,5,7,29,15,14,2,6,0,11,3,17,4,16,12,15,15,1,12,10,1,10,13,14,4,13,16,16,18,13,1,5,4,18,10,4,8,16,13,14,4,18,16,16,6,15,10,10,9,16,1,16,16,13,13,10,7,17,19,10,17,18,10,9,9,4,14,4,5,10,6,18,17,14,8,10,17,1,11,8,2,10,2,5,6,17,18,18,2,16,18,10,3,8,16,7,8,4,6,3,8,5,16,16,5,9,1,6,20,13,5
2242,18562,194682,2275726,16678,136323,1417479,160168,1286529,1727614,2242,-41597442,771787365242,-14319528801640518,-37375398,693452696963,-12866128368001417,623068892328,-11560246199489387,-10386909246584826,6.931384611151267e+16,6.02207170418724e+18,4.3492286792888e+23,-1.4210745140019597e+27,6.02207170418724e+18,2.417595636108026e+22,-1.126681850063661e+26,4.3492286792888e+23,-1.126681850063661e+26,-1.4210745140019597e+27,17,2,13,10,4,17,3,4,13,28,2,7,11,7,13,19,17,10,5,8,0,11,19,17,10,6,15,15,1,18,1,6,10,10,1,16,13,16,13,1,14,1,14,17,10,17,15,18,13,15,13,1,4,10,1,13,10,2,6,15,15,6,10,15,17,3,8,3,1,17,2,17,13,15,15,1,16,16,12,14,15,6,10,12,14,8,19,12,18,9,9,14,16,18,20,10,11,12,10,15,9,16,6,17,10,6,7,13,6,16,10,3,4,17,17,20,4,15,10,1,4,4,17
9283,148061,3105875,73512335,142221,2245685,46938403,2886753,45147149,66149763,9283,-1374302202,203458639376476,-30121044722280466470,-1320095322,195433578332846,-28932974038456008022,187725052864074,-27791764888693594834,-26695568886880055556,1.8046579441718633e+39,5.541724231553006e+41,5.0754253758573975e+47,-1.5359282201047804e+52,5.541724231553006e+41,2.695106231543241e+46,-1.071287132839351e+51,5.075425375857398e+47,-1.0712871328393511e+51,-1.5359282201047804e+52,87,29,49,54,37,74,23,30,26,98,17,33,66,40,69,63,56,43,19,20,0,11,15,1,10,1,18,10,16,18,17,10,18,11,1,2,17,4,1,5,5,13,5,8,16,15,6,9,4,10,10,19,6,9,13,4,4,16,15,18,16,16,18,10,4,4,16,9,15,10,18,3,17,1,11,20,1,17,11,14,15,12,10,9,9,15,6,8,10,16,13,1,14,10,10,16,5,16,9,10,13,4,13,17,16,6,18,8,1,15,1,1,4,8,11,4,17,16,8,14,1,11,9
12441,221972,5277926,141507626,221373,3944136,93840602,5178935,91840330,136165791,12441,-2761331680,612889049382102,-136033273503739895614,-2753880120,611235143333220,-135666181884749317396,609585702978566,-135300081446746354890,-134934969511917258720,3.039294028963997e+45,3.560012791822725e+47,1.6520808943672185e+54,-7.288295547294104e+58,3.5600127918227283e+47,8.52220819832807e+52,-5.2600450081672515e+57,1.6520808943672185e+54,-5.2600450081672515e+57,-7.288295547294104e+58,97,29,51,77,47,93,25,38,37,128,17,28,107,71,89,81,64,73,21,30,0,11,6,12,10,9,16,18,1,14,4,13,6,13,13,2,6,10,6,10,6,10,6,10,6,10,2,6,9,14,6,13,1,17,13,1,13,4,13,16,15,1,13,1,16,10,10,13,13,1,13,4,7,16,13,13,16,16,13,10,17,14,13,13,4,6,13,9,5,13,15,18,9,12,19,4,18,6,16,8,17,20,3,17,10,16,1,14,1,14,14,3,6,13,2,17,13,15,15,2,10,6,16
4300,45271,635301,10104145,44317,458369,6378401,589143,5998951,8776045,4300,-194620029,8808594504719,-398681158075015335,-190518783,8622970008655,-390279698089584723,8441257498865,-382055296767142891,-374004222354121809,5.193942597922968e+24,9.103176899766308e+26,1.8834734515464567e+32,-1.711457881791767e+36,9.103176899766308e+26,9.669679214179776e+30,-1.1666487503580265e+35,1.8834734515464567e+32,-1.1666487503580265e+35,-1.711457881791767e+36,26,2,18,19,25,22,10,15,24,52,14,20,14,23,21,38,20,31,2,10,0,11,14,10,5,10,10,10,2,10,18,10,10,16,13,14,6,1,16,10,7,15,7,7,13,15,4,11,9,9,15,18,4,3,10,7,18,6,1,17,18,1,13,16,16,15,15,3,5,17,5,3,10,20,15,1,10,1,16,1,1,13,16,14,16,8,5,5,16,13,18,16,8,16,11,16,10,1,11,10,16,10,6,1,6,16,16,17,9,11,14,8,10,4,6,10,6,10,12,10,14,9,16
2919,27606,334590,4559604,24992,231439,2769529,280422,2546199,3543452,2919,-80554308,2223020470002,-61347683273037672,-72926656,2012523567823,-55538694177560411,1821958667110,-50279759820572653,-45518795016683428,4.418347742419169e+20,8.235020708138118e+22,6.918134037088538e+27,-3.7383131635079787e+31,8.235020708138118e+22,3.8853456787539564e+26,-2.4836713584150433e+30,6.918134037088538e+27,-2.4836713584150433e+30,-3.7383131635079787e+31,17,5,7,35,16,21,7,11,23,39,6,10,9,11,15,26,6,23,3,6,0,11,12,1,4,13,4,15,9,5,6,18,18,18,18,6,18,6,15,1,6,16,18,15,11,15,3,10,15,12,13,7,13,16,16,1,5,10,12,10,8,6,5,18,16,15,15,4,10,6,16,8,3,6,18,14,14,8,16,10,4,3,1,10,16,16,14,4,18,4,18,1,20,8,2,16,4,16,16,16,7,4,3,20,8,15,14,5,10,12,1,6,9,7,18,10,18,4,20,13,11,17,10
13529,255423,6382811,180030885,246339,4606632,114627238,5862855,108838134,157104123,13529,-3455362344,882513781465394,-225397656835007396916,-3332473992,851127588418851,-217381493385303935069,820857633675222,-209650421826590840685,-202194302944640427606,4.402378191349706e+48,2.04612792828097e+51,3.017175161569049e+57,-1.4298884195326702e+62,2.04612792828097e+51,1.5011972875330443e+56,-9.326190059513664e+60,3.017175161569049e+57,-9.326190059513664e+60,-1.4298884195326702e+62,105,14,67,80,58,76,44,47,53,152,30,58,81,75,68,78,62,61,41,56,0,11,6,1,1,16,6,15,15,6,13,6,10,10,10,13,10,13,10,10,10,10,10,13,13,14,13,1,10,1,10,3,13,6,10,14,13,6,12,5,16,1,3,4,1,6,1,14,10,5,1,14,16,20,12,16,16,1,4,14,18,10,5,14,16,18,1,1,16,19,1,7,3,17,12,8,17,1,4,12,1,15,15,14,4,4,1,1,10,10,16,14,4,5,1,4,1,19,6,14,9,1,9
4821,54991,819859,13749379,55049,622801,9234977,820365,9241401,13761809,4821,-265056620,14572705400198,-801201439479907106,-265336180,14588075297622,-802046459332215338,14603461800784,-802892392138292650,-803739238906859728,1.2811161391183843e+26,3.529241880221482e+27,6.504292225117357e+33,-8.091303668171611e+37,3.5292418802215086e+27,3.494120256472219e+32,-6.569753647303131e+36,6.504292225117357e+33,-6.569753647303131e+36,-8.091303668171611e+37,11,29,13,40,22,40,39,14,35,32,4,15,26,29,31,46,35,8,5,9,0,11,19,10,6,17,16,6,9,16,6,10,13,6,7,2,10,4,12,13,10,14,4,2,7,13,1,14,10,4,4,19,1,10,9,6,8,16,15,13,16,18,8,16,14,13,4,14,9,4,4,13,19,18,10,13,10,14,12,5,4,1,15,9,8,13,15,4,16,7,17,3,2,4,7,14,18,1,9,10,12,14,3,12,16,4,17,1,4,14,2,6,17,16,16,4,15,17,12,9,3,10,16
3327,30937,373025,5084665,30938,286974,3443970,377554,3462888,5204006,3327,-102896462,3182351119950,-98422809933490382,-102899788,3182453899424,-98425986004833484,3182556858854,-98429167641612706,-98432354844298678,5.035917416590806e+20,2.234470150073384e+22,8.936150842410868e+27,-6.166384372762137e+31,2.2344701500733872e+22,5.056868005904716e+26,-5.299326500665492e+30,8.936150842410868e+27,-5.299326500665492e+30,-6.166384372762137e+31,28,11,11,3,20,18,12,17,3,51,11,10,17,7,15,23,16,27,4,14,0,11,11,16,5,1,13,12,1,16,7,16,13,18,5,10,10,10,6,5,16,15,1,12,8,16,20,17,10,10,5,5,10,5,10,1,8,20,10,17,17,8,10,6,12,18,17,10,18,10,10,8,16,19,3,16,15,10,7,16,13,11,20,20,10,10,15,6,10,16,18,8,3,11,6,10,16,17,18,17,10,13,14,10,10,1,7,10,18,16,7,20,13,17,8,13,1,1,15,2,10,1,14
16218,334240,9027358,274354636,327526,6751183,182413917,8677858,178828129,258150454,16218,-5420370080,1811592788188958,-605469439476562219124,-5311489142,1775202665283023,-593307154038935238231,1739543528119874,-581389178239650637907,-569710604486653252310,3.128435047966075e+53,6.450088217843201e+55,3.3270954387369554e+62,-2.0664237175039812e+67,6.450088217843201e+55,1.6786453124921188e+61,-1.4357470815780323e+66,3.3270954387369554e+62,-1.4357470815780323e+66,-2.0664237175039812e+67,75,34,95,117,61,68,32,70,156,132,26,80,67,76,83,156,102,81,13,37,0,11,14,13,6,16,1,13,13,13,6,15,11,3,13,16,1,13,14,13,15,1,4,17,16,6,9,3,8,19,7,13,6,4,15,2,10,1,13,16,13,3,12,6,9,10,2,4,1,16,8,9,16,8,17,18,3,4,12,6,9,16,5,1,18,18,10,20,1,3,5,14,4,15,9,8,13,10,9,14,10,14,4,18,9,5,18,9,3,2,13,15,12,10,8,5,3,3,4,3,10,4,9
3555,33544,414722,5775316,33646,313539,3846559,409946,3777705,5600566,3555,-119215376,3997835787330,-134065687760638556,-119577884,4009992233011,-134473345454316397,4022185841694,-134882249372240315,-135292403344251854,5.3810298815690736e+20,6.737026979957001e+21,9.647134239447665e+27,-6.605117957560479e+31,6.737026979957001e+21,5.1402906960620404e+26,-5.665530603426839e+30,9.647134239447665e+27,-5.665530603426837e+30,-6.605117957560479e+31,15,1,11,8,12,26,1,13,28,28,6,24,19,23,36,18,25,20,2,2,0,11,12,15,5,6,17,15,10,18,6,1,17,1,17,16,16,13,13,13,9,1,15,16,12,4,12,10,3,9,8,3,11,16,10,3,3,8,8,9,10,12,15,9,4,6,9,9,14,12,5,13,15,10,12,15,15,10,10,14,14,16,6,1,14,14,5,15,11,15,18,15,19,6,8,14,14,12,16,6,5,6,9,17,16,10,12,15,15,6,15,18,11,13,6,9,15,15,13,12,6,18,8
3412,31871,389897,5365253,30565,281539,3423701,352193,3211721,4571731,3412,-108711981,3463744175707,-110360642164017807,-104257215,3321807843689,-105838311948927527,3185687909443,-101501302068205227,-97342018066499529,5.164577765376564e+20,5.683766219165027e+22,8.509296800886408e+27,-5.042346920935687e+31,5.683766219165027e+22,4.465268987553547e+26,-3.7908578742379764e+30,8.509296800886408e+27,-3.7908578742379764e+30,-5.042346920935687e+31,13,4,9,21,11,15,9,18,13,38,4,16,28,13,13,28,20,24,6,6,0,11,16,9,8,15,6,10,13,13,4,18,15,4,13,6,13,6,18,4,10,6,18,4,12,6,10,10,2,14,10,8,7,16,13,4,5,12,10,5,16,12,16,18,18,5,4,16,12,5,8,14,17,7,18,13,4,1,3,5,14,18,17,9,13,6,12,19,15,3,18,2,4,6,16,1,17,18,8,10,6,18,17,16,16,18,13,16,10,13,10,13,12,18,10,10,11,1,12,18,17,19,13
3839,38497,505579,7477951,39006,386621,5029695,511556,5037621,7537698,3839,-147751486,5686507443112,-218856462670764766,-149705028,5761693235555,-221750131455029197,5837873365688,-224682069159948875,-227652782019782886,1.104072294209648e+22,-3.065398179209209e+23,2.7048286026683673e+29,-2.2960003577183932e+33,-3.0653981792092104e+23,1.4520781245417449e+28,-2.020128510891141e+32,2.7048286026683673e+29,-2.0201285108911413e+32,-2.2960003577183932e+33,27,9,22,12,12,23,15,18,20,20,9,17,13,11,17,48,23,27,13,4,0,11,5,18,1,15,16,8,1,1,3,7,9,3,10,8,7,3,18,16,5,3,5,7,6,15,15,11,1,17,2,16,16,3,14,16,18,9,18,19,3,9,16,4,16,6,3,19,7,2,17,1,16,19,9,17,7,16,6,16,18,19,15,18,17,19,1,7,13,4,5,6,14,18,10,1,16,2,16,5,3,15,17,1,1,18,19,4,4,8,18,6,4,16,12,3,9,10,15,6,14,16,7
10858,189288,4356080,113015160,183379,3147183,71757911,4065869,68920831,101115079,10858,-2055099816,388969908380144,-73620555487457888520,-1990945803,376827440861295,-71322343560377976297,365064026616565,-69095875274464827995,-66938910985101591819,7.578778593014165e+43,2.408980948303405e+46,3.426130970077307e+52,-1.3186146829658072e+57,2.408980948303403e+46,1.7493545696404146e+51,-8.922701940703022e+55,3.426130970077307e+52,-8.922701940703021e+55,-1.3186146829658072e+57,110,31,48,72,31,77,45,42,46,130,27,36,63,41,60,92,47,65,11,30,0,11,1,15,15,6,9,9,13,18,18,15,17,10,4,3,10,17,10,3,16,6,20,6,6,1,1,3,16,18,15,16,16,12,10,16,10,2,2,16,3,16,7,13,1,16,13,20,6,6,16,2,19,13,13,10,1,3,16,11,7,16,15,7,12,16,5,3,17,18,12,17,1,10,18,4,3,16,4,6,10,3,2,1,6,14,7,2,16,15,10,10,13,3,10,3,4,18,13,19,17,10,14
33042,952899,36369939,1563783771,934596,26870524,1023686324,34896620,999213358,1464781164,33042,-31484735859,30000865335170979,-28586929398312447311973,-30879986436,29424617646154684,-28037840161405463263516,28859438368353260,-27499297683602955540806,-26971099385264446592100,3.165881821069176e+82,2.5405727297810286e+85,2.0012776937750884e+92,-3.1154024967632057e+97,2.5405727297810286e+85,9.985162762579544e+90,-2.035582916623018e+96,2.0012776937750884e+92,-2.035582916623018e+96,-3.1154024967632057e+97,172,32,160,246,145,142,68,230,250,316,83,136,146,130,111,228,201,239,36,103,0,11,18,5,4,16,18,18,18,3,18,10,12,15,5,10,6,3,20,18,18,3,10,3,17,16,14,10,16,10,6,8,19,9,6,1,18,1,10,9,12,10,14,8,9,4,12,1,10,16,14,10,3,18,13,5,9,18,9,18,6,7,8,6,12,10,9,10,8,8,13,19,9,12,10,20,17,14,13,18,4,1,18,10,4,4,8,20,10,10,8,18,13,16,16,15,8,9,20,3,13,10,9
7821,112892,2148884,46071272,113297,1614882,30540756,2130309,30011192,44867705,7821,-882815440,99650058197700,-11248256091395465896,-885982540,100007552195638,-11288609082847473424,100366329754480,-11329106959092402448,-11369750240755641328,5.637517286980465e+34,6.874754546962268e+35,9.887531710706438e+42,-2.381824594871428e+47,6.874754546962268e+35,5.036266629824806e+41,-1.7995944174146794e+46,9.887531710706438e+42,-1.7995944174146794e+46,-2.3818245948714283e+47,52,22,50,41,31,42,19,28,51,88,20,24,58,39,52,40,33,54,13,15,0,11,12,15,10,15,12,1,9,8,20,18,4,15,1,18,9,14,9,9,8,5,17,8,14,6,2,20,13,18,8,15,2,10,10,15,15,15,6,19,18,4,9,9,11,18,7,15,16,6,13,17,10,10,13,13,14,9,3,10,3,16,16,1,11,6,3,16,3,17,17,4,3,4,3,4,3,4,3,4,4,5,14,13,16,14,10,5,3,5,3,3,10,10,9,5,3,3,10,3,6,17,7
959,5591,41661,348587,4937,27874,203924,32451,178334,240779,959,-5356178,29915173578,-167081430339242,-4729646,26415875893,-147537196367433,23325920784,-130279223292207,-115040056806050,905021931471.1783,73504906722861.66,9.749667878007016e+17,-7.434238261930023e+20,73504906722861.66,5.9805972900991384e+16,-5.3317772435652166e+19,9.749667878007014e+17,-5.331777243565219e+19,-7.434238261930023e+20,13,9,6,3,3,4,2,4,9,10,6,4,5,2,2,9,4,8,1,1,0,11,1,9,11,5,3,10,15,17,9,8,11,8,6,8,6,16,16,10,10,18,1,1,11,18,10,10,16,18,18,5,2,10,20,5,9,18,1,9,1,10,9,1,1,9,3,13,3,1,18,1,18,9,12,7,12,13,3,9,18,2,19,1,17,12,16,14,1,9,1,17,17,11,4,16,2,13,16,10,14,2,2,4,6,2,15,11,7,1,16,16,3,16,10,13,13,2,2,2,3,8,12
1599,11389,102651,1036393,10509,72991,643091,89253,607181,851913,1599,-18199622,207145888288,-2357709599403248,-16793382,191140213588,-2175534686710110,176371301610,-2007436496860438,-1852327279384902,235403848460788.9,1.2898155003327314e+16,7.091775498431231e+20,-1.52062811174733e+24,1.2898155003327308e+16,4.119053690776892e+19,-1.3733656878328447e+23,7.091775498431231e+20,-1.3733656878328447e+23,-1.52062811174733e+24,16,8,5,9,6,11,3,8,8,18,3,6,5,8,4,16,8,5,1,12,0,11,16,4,1,16,15,10,2,16,6,20,20,16,10,12,14,16,5,18,4,13,5,14,2,13,15,15,6,4,6,1,1,10,14,20,2,2,6,5,1,3,10,9,20,2,2,16,4,13,6,16,20,5,13,20,9,7,16,20,11,19,16,10,16,8,6,1,10,8,6,10,6,8,1,1,10,18,10,10,1,5,18,8,16,18,2,18,10,2,20,10,5,10,20,17,9,13,14,15,10,3,17
10378,175104,3888468,97255422,173053,2870721,63253069,3743339,61196267,90556363,10378,-1817054208,318142802515284,-55702709717632110594,-1795770981,314416382455233,-55050261359837707703,310733611977523,-54405455486059734415,-53768202571878799413,2.1305127213954868e+42,3.5201625997438888e+44,8.39553554884848e+50,-3.0147637409394547e+55,3.520162599743876e+44,4.1483343693551665e+49,-2.0856347514193144e+54,8.395535548848482e+50,-2.0856347514193144e+54,-3.0147637409394547e+55,60,28,57,113,18,73,29,42,58,90,26,42,48,50,83,83,50,49,9,28,0,11,6,5,1,10,4,15,5,1,4,1,18,3,13,1,10,4,2,9,10,2,6,14,18,10,4,4,13,10,2,17,13,2,6,7,18,5,2,1,16,2,10,10,13,19,1,18,15,15,15,15,2,13,10,14,2,14,13,10,1,13,6,4,10,20,15,18,10,13,10,15,16,10,8,14,9,10,15,18,14,2,3,20,15,1,15,6,2,6,7,16,18,15,10,7,4,10,4,1,7,18,4
3214,30188,367614,5022698,28321,264068,3191262,327355,3007806,4255417,3214,-96994044,2927145252542,-88337172286173390,-90995373,2746113629844,-82873887275562864,2576278207047,-77748488306576978,-72940077959044419,4.864874835263858e+20,6.725192589386496e+22,7.953580430694034e+27,-4.682615110077195e+31,6.725192589386496e+22,4.4624428587160585e+26,-3.4509727843492366e+30,7.953580430694034e+27,-3.4509727843492366e+30,-4.682615110077195e+31,19,4,18,21,9,17,7,9,20,26,5,11,20,20,13,19,9,25,8,18,0,11,18,15,11,18,13,18,10,10,16,10,10,10,10,10,6,13,1,18,13,14,4,12,14,3,6,15,20,16,10,17,20,8,20,17,6,10,16,9,7,18,4,3,18,13,1,5,14,1,10,6,16,10,12,3,10,14,5,5,15,20,12,16,9,3,15,9,16,14,13,11,6,10,19,15,14,18,4,6,11,4,3,19,9,14,3,16,14,10,14,9,1,15,4,3,8,5,11,4,17,10,9
4464,48390,685812,10963080,49240,536844,7607788,699548,7585766,11143930,4464,-215964570,10448184636012,-505474411256823960,-219758120,10631713240044,-514353363430381412,10818465950748,-523388294907443074,-532581946094150630,5.3920371528205e+24,-7.187106175517857e+24,2.1635462613209802e+32,-2.3421242494103975e+36,-7.187106175517857e+24,1.1234628441786633e+31,-1.922478090645698e+35,2.16354626132098e+32,-1.922478090645698e+35,-2.3421242494103978e+36,38,3,20,33,11,16,12,16,31,52,12,16,34,25,16,25,23,29,3,17,0,11,10,6,12,16,1,13,6,13,1,17,15,4,1,6,16,1,10,10,1,10,14,14,17,1,10,14,4,3,14,4,12,8,12,13,4,9,1,1,13,18,14,14,13,15,17,15,1,1,10,1,18,10,9,16,6,12,13,15,6,10,1,14,14,14,15,13,9,17,15,15,18,1,13,10,9,3,10,13,18,12,3,4,7,18,17,18,13,13,19,9,1,12,16,9,14,13,1,5,17,8,7
5603,66470,1037900,18294806,65278,769017,11947685,1006704,11742393,17532994,5603,-372364940,24746680338800,-1644618298278144194,-365687356,24302900293677,-1615125486142328495,23867079014388,-1586161599361543939,-1557717151573069342,3.4245209651949226e+27,3.570908975591256e+29,2.136316767807818e+35,-2.944107645409509e+39,3.570908975591262e+29,1.1847961187281111e+34,-2.301500804055313e+38,2.136316767807818e+35,-2.301500804055313e+38,-2.944107645409509e+39,36,13,19,28,32,35,16,25,23,49,10,24,27,25,15,46,35,37,8,26,0,11,5,17,18,10,17,15,14,13,2,4,14,1,6,10,9,1,10,20,15,17,13,17,8,8,1,10,18,18,10,10,18,16,8,18,18,10,18,16,8,17,18,8,14,8,7,9,14,4,18,10,13,13,6,10,9,20,6,8,18,10,3,1,6,16,16,15,17,17,18,20,18,20,14,19,13,1,4,9,4,12,12,17,6,18,18,16,14,17,5,9,2,16,18,9,6,16,6,8,16,16,20
7206,100983,1839567,37730601,93635,1303936,23595062,1597773,22109842,30851033,7206,-727582515,73463269385523,-7417511923013965143,-674640175,68117734552756,-6877778643121118704,63161166870673,-6377318988479156262,-5913275213018742157,1.8550765142373744e+33,6.801679398663414e+35,2.4447276097678164e+41,-4.6445776559381105e+45,6.801679398663411e+35,1.279734604169859e+40,-3.0131287684994715e+44,2.4447276097678164e+41,-3.0131287684994707e+44,-4.6445776559381105e+45,45,7,44,45,29,41,10,39,49,77,13,30,23,27,41,50,41,45,11,27,0,11,1,9,8,12,17,14,20,16,7,13,16,15,17,7,10,9,18,9,17,16,3,15,3,10,12,15,1,4,12,6,10,16,15,1,7,16,16,16,4,4,17,16,16,18,10,14,13,6,8,1,11,4,17,15,6,10,1,3,16,6,14,6,16,5,17,6,14,6,8,1,15,10,16,15,10,8,5,10,10,15,15,19,1,1,15,7,18,7,7,14,3,14,6,13,3,16,5,13,3,15,5
8484,126255,2466577,54193605,125764,1852961,35929563,2422392,35434541,52442242,8484,-1071021165,135205839328627,-17068401321480935175,-1066856012,134680029314201,-17002022926144254475,134156265331864,-16935902822736090707,-16870040005611573086,1.7734716829299703e+36,1.372972659022614e+38,3.66317793851263e+44,-9.53743856896666e+48,1.37297265902262e+38,1.8553105870927436e+43,-7.022749609387435e+47,3.66317793851263e+44,-7.022749609387435e+47,-9.53743856896666e+48,52,9,70,61,26,59,19,38,36,76,13,35,61,32,36,44,63,68,8,23,0,11,6,10,13,15,6,13,10,1,16,10,10,10,10,14,18,2,19,10,14,2,1,1,16,4,13,2,15,1,18,5,15,4,1,4,18,17,10,4,1,6,6,1,4,14,4,13,6,14,1,10,6,9,18,5,11,6,2,13,6,14,4,13,1,10,5,16,17,3,12,3,3,5,17,18,15,12,6,4,17,18,14,4,15,15,16,10,9,4,15,12,13,10,9,8,5,13,16,9,15,8,10
7907,118090,2311198,50940208,112050,1650074,31952168,2083116,30319786,43696572,7907,-933619540,110237188541698,-13016263346348791252,-885867300,104598839122574,-12350514800730181052,99248877845616,-11718817710676832054,-11119430418943746828,1.6528572132163203e+36,5.5803912691191125e+38,3.217863882651828e+44,-7.72007117234533e+48,5.5803912691191125e+38,1.6642720451766953e+43,-5.153649171203382e+47,3.217863882651828e+44,-5.153649171203382e+47,-7.720071172345332e+48,58,8,69,55,31,57,19,57,39,51,11,41,52,26,37,45,49,59,4,28,0,11,9,4,12,20,2,10,14,1,1,10,18,2,10,6,11,10,2,7,16,7,1,5,1,13,4,15,15,6,7,10,15,13,16,5,7,6,7,7,4,9,6,9,4,6,14,18,10,14,15,16,9,15,6,19,18,19,12,14,5,5,18,8,4,4,20,17,6,13,3,13,18,10,18,6,15,10,7,16,3,8,3,16,6,3,6,12,8,9,20,8,10,16,6,4,6,1,6,17,8,5,18
15169,297791,7781377,229520471,297612,5826821,152305175,7723336,150492533,225822600,15169,-4516893888,1345001676103104,-400502990811704314536,-4514178816,1344193203447185,-400262250221287565523,1343385220608184,-400021655485023451611,-399781206513860056344,7.31521014345131e+51,1.7979465907929904e+54,6.84313018925673e+60,-4.0139839341208787e+65,1.7979465907929944e+54,3.5511391003345425e+59,-2.8313984579820427e+64,6.84313018925673e+60,-2.8313984579820427e+64,-4.0139839341208787e+65,115,20,75,97,62,111,29,99,104,131,40,73,71,49,57,101,91,122,15,38,0,11,17,15,8,10,17,1,5,9,18,18,15,17,10,9,17,6,5,6,5,17,12,18,17,1,7,14,9,19,9,5,16,15,13,6,8,15,10,10,16,18,9,1,14,17,1,7,8,18,10,4,3,6,17,9,11,9,6,20,16,5,6,7,13,16,16,18,1,6,4,18,18,5,12,17,6,10,6,6,20,13,4,1,8,17,3,13,1,20,9,6,14,8,10,17,11,1,12,13,8,8,6
4225,44047,598975,9192895,43279,454918,6193512,578947,6082044,8760697,4225,-186054528,8193204255582,-360800663334839286,-182810496,8050348062117,-354509759805138847,7909982963490,-348328555768173703,-342255138104410800,2.430166940888648e+23,1.5553207849032856e+25,7.358965844531262e+30,-6.76169585973785e+34,1.5553207849032886e+25,4.0060553395258754e+29,-5.513435698010333e+33,7.358965844531262e+30,-5.513435698010333e+33,-6.76169585973785e+34,21,7,20,15,22,40,7,20,10,38,11,15,25,24,9,40,23,31,5,13,0,11,9,17,10,10,10,10,10,10,18,10,10,4,10,6,4,1,14,6,16,10,7,15,18,13,10,15,15,7,13,16,10,9,9,9,10,15,1,15,16,14,10,16,4,5,19,9,16,7,12,10,3,11,8,14,5,17,4,16,2,16,11,3,14,16,1,9,4,13,10,8,12,20,10,3,11,4,20,5,6,17,8,16,8,6,16,13,13,14,12,5,17,18,8,5,3,17,6,16,16,12,10
9069,143600,2989664,70086188,144073,2280979,47423839,3036995,47822903,72136309,9069,-1302164800,186970247309664,-26845967202373165012,-1306453964,187586102628579,-26934394172124886433,188203987963038,-27023112619287764431,-27112123505338081718,1.763055358795066e+39,1.0138403830247383e+41,5.241418436503525e+47,-1.7210651502385413e+52,1.013840383024739e+41,2.8313786414431466e+46,-1.3114127886298127e+51,5.241418436503525e+47,-1.3114127886298127e+51,-1.7210651502385413e+52,59,68,57,78,36,62,36,43,56,74,19,41,25,39,55,72,51,58,1,26,0,11,4,9,11,10,1,6,2,5,10,10,8,10,6,14,8,18,10,10,13,1,4,1,15,4,15,16,15,6,15,16,8,16,15,6,15,7,1,15,17,7,13,14,17,1,10,10,4,16,16,2,4,12,9,15,1,3,10,18,5,8,8,3,16,16,15,16,18,12,17,7,3,20,1,9,18,9,4,5,8,18,3,8,10,14,5,10,3,8,6,13,3,18,17,15,18,6,10,10,14,20,6
6537,86545,1515719,29974165,86995,1147300,20010110,1511559,19720922,29586595,6537,-565658120,48947393474094,-4235504205286964150,-568599320,49201900314425,-4257527098073964545,49457731224934,-4279664564647905483,-4301917201408172270,6.232787067140368e+31,4.460103407829014e+33,7.370986168372978e+39,-1.434193976819082e+44,4.460103407829014e+33,3.850174220411933e+38,-1.0927721749715676e+43,7.370986168372978e+39,-1.0927721749715673e+43,-1.434193976819082e+44,42,7,39,65,25,32,15,50,52,67,13,21,21,43,36,40,32,43,4,15,0,11,18,18,16,4,18,3,8,1,9,1,3,13,1,1,1,16,7,13,10,10,10,12,6,3,1,17,18,1,14,9,12,13,6,16,18,1,4,12,12,10,2,16,14,20,4,4,9,18,15,13,2,8,3,10,8,3,16,10,15,1,10,6,18,4,14,3,10,1,10,13,1,8,1,18,8,6,3,14,16,16,6,9,16,16,18,10,4,1,10,16,6,18,1,10,13,15,6,16,6,8,18
8042,119738,2350212,52005626,112628,1667111,32668469,2066852,30280231,42816530,8042,-962813258,115270999047972,-13800602740479579350,-905641748,108426247437671,-12981127711092799351,101987935794212,-12210312947145144249,-11485269004501809566,1.68107723645955e+36,6.788282791066729e+38,3.2138083442445473e+44,-7.480823966447957e+48,6.788282791066729e+38,1.653715918329588e+43,-4.800083344258402e+47,3.2138083442445473e+44,-4.800083344258402e+47,-7.48082396644796e+48,47,19,45,63,40,19,30,41,48,87,20,32,41,39,43,52,34,54,14,22,0,11,16,15,15,15,7,16,3,4,12,3,6,6,14,13,7,9,15,15,9,17,16,3,1,12,4,17,4,3,7,10,4,16,10,8,2,9,18,6,4,9,16,1,2,16,10,4,16,12,10,4,6,10,1,6,18,10,4,1,3,10,13,12,20,9,16,9,8,10,15,10,10,2,17,18,1,15,10,10,13,4,9,10,17,8,20,17,17,10,18,6,10,10,12,1,15,12,20,12,5,6,6
10410,167540,3573768,86149406,171954,2755051,58550049,3723436,59530523,90601836,10410,-1743923860,292148937426568,-48941931384430170754,-1789869186,299845877004331,-50231352620480786503,307745601554764,-51554745179348154705,-52913004083676956244,6.476006187251203e+40,-6.075547939989177e+40,2.268916930711092e+49,-8.053936970226787e+53,-6.075547939985463e+40,1.177277735616601e+48,-6.064176688987564e+52,2.268916930711092e+49,-6.064176688987564e+52,-8.053936970226787e+53,73,21,57,65,50,58,37,50,50,94,25,43,60,48,61,61,53,72,14,31,0,11,5,7,10,15,17,2,1,1,9,10,15,13,10,17,1,16,14,17,18,9,17,5,16,14,12,15,13,1,1,1,15,17,5,14,14,8,15,2,20,16,1,13,18,1,1,4,13,5,10,16,6,17,16,16,12,20,18,4,4,11,20,2,1,19,10,4,12,13,9,16,18,7,9,16,19,3,8,5,5,15,12,17,12,1,6,1,13,13,6,17,1,20,14,16,13,10,13,10,16,15,6
4627,49922,706376,11287868,51014,544010,7633554,725060,7653470,11565770,4627,-230939172,11526453844876,-575299283447891700,-235990764,11778584743510,-587883433349835974,12036231131560,-600742867625936418,-613883608638267006,5.588923814090602e+24,-3.9028342961772924e+23,2.2426558665241544e+32,-2.433100808949418e+36,-3.902834296169046e+23,1.1680546557369866e+31,-2.0012310692661684e+35,2.2426558665241544e+32,-2.0012310692661684e+35,-2.433100808949418e+36,29,4,23,22,20,29,11,21,20,43,13,20,27,16,31,38,16,28,3,22,0,11,15,10,1,15,10,10,15,6,1,1,10,1,6,13,6,13,6,10,15,1,1,6,5,16,15,16,5,16,16,3,16,6,16,16,13,1,16,4,15,6,18,13,6,14,18,3,5,20,1,15,5,16,13,16,13,10,16,11,9,14,5,10,3,5,6,16,18,12,1,2,4,9,17,16,5,11,5,10,15,14,4,10,13,18,15,10,1,12,8,11,9,4,8,16,10,10,13,3,12,10,10
3362,34105,445183,6501151,31172,312763,4065635,377896,3747075,5180150,3362,-114626905,3908187889183,-133249109054309869,-104769092,3572087074363,-121789796467359771,3264890820136,-111315981306205357,-101742910567247018,9.668900893807866e+21,1.529439272595572e+24,2.083746560011697e+29,-1.441992650817545e+33,1.529439272595572e+24,1.1434121789488914e+28,-1.0450615531484228e+32,2.083746560011697e+29,-1.0450615531484228e+32,-1.441992650817545e+33,12,29,13,23,5,31,15,8,10,38,8,16,16,14,20,26,26,13,5,7,0,11,6,7,13,13,10,10,13,10,10,10,10,10,7,17,2,18,13,1,16,19,6,10,15,2,11,14,2,9,17,12,6,3,2,15,18,4,4,2,1,10,6,14,3,10,2,15,17,17,8,18,15,10,19,4,4,6,4,4,10,4,10,18,4,9,16,2,17,7,16,4,9,17,12,15,17,10,16,20,15,17,6,10,9,8,17,16,10,17,4,18,18,2,6,10,3,10,2,12,14,6,12
5226,63346,993762,17531542,61449,738334,11436648,944049,11272562,16305261,5226,-330982850,20962427894146,-1327631893776990542,-321071025,20334673339630,-1287873747828919550,19725718379673,-1249306254003460282,-1211893754547453069,3.1941007610402777e+27,2.366128536842676e+29,1.998590028026245e+35,-2.725569934510788e+39,2.3661285368426816e+29,1.064478083816785e+34,-2.11434250471105e+38,1.998590028026245e+35,-2.1143425047110495e+38,-2.725569934510788e+39,35,7,26,46,29,11,17,28,44,61,16,22,34,23,23,26,20,32,6,18,0,11,10,17,2,12,9,1,6,16,15,11,18,18,3,1,1,12,16,12,6,13,5,14,13,18,18,10,10,7,8,15,3,18,13,13,1,3,14,4,9,10,5,8,14,9,10,15,14,2,2,18,10,5,3,5,18,16,3,13,10,16,3,10,9,19,9,4,18,9,15,1,1,10,16,4,11,18,4,20,8,17,7,12,15,12,18,8,17,4,13,8,20,13,4,18,18,7,11,5,1,18,12
8501,128339,2573285,58367951,123115,1837041,36695947,2353937,34775181,50785831,8501,-1090881500,139986172502864,-17963572194595719956,-1046477500,134288077253556,-17232370284460756296,128821922463212,-16530931886167401842,-15858045472230921184,5.331075946459569e+37,2.315559276961881e+40,1.2202006031238486e+46,-3.164921047164974e+50,2.315559276961881e+40,6.408368227599578e+44,-2.0495225077147177e+49,1.2202006031238486e+46,-2.049522507714718e+49,-3.164921047164974e+50,59,7,53,59,40,48,19,55,65,84,23,50,32,29,44,35,40,58,12,35,0,11,1,9,13,10,17,3,14,4,9,15,15,14,8,16,8,15,6,8,18,6,18,4,12,18,1,4,10,9,9,16,5,12,15,7,10,7,5,17,10,18,9,3,15,12,18,1,17,17,15,3,20,20,5,1,10,1,7,17,18,15,3,7,10,18,6,15,19,8,15,17,14,14,7,20,20,3,9,2,13,9,15,18,20,20,10,16,10,4,5,20,11,6,15,17,10,14,12,17,11,8,12
16149,334397,9052501,275020871,323776,6630857,178594843,8638616,175498811,260083948,16149,-5399842756,1805579405777024,-603742949882420038678,-5228334848,1748231225074441,-584567077048774396655,1692704521486488,-566000263027308981117,-548023163013614290196,3.1151250209399468e+53,9.373539987675671e+55,3.3143841415533683e+62,-2.0913140460136666e+67,9.373539987675671e+55,1.7482047448493794e+61,-1.4778713166104227e+66,3.3143841415533683e+62,-1.4778713166104227e+66,-2.0913140460136666e+67,117,23,93,134,59,90,48,54,108,152,27,50,70,68,97,173,93,86,15,34,0,11,6,12,1,4,16,14,7,18,4,7,4,5,20,6,4,9,7,1,16,10,6,15,9,7,17,16,15,16,10,15,10,16,7,9,17,15,15,17,15,7,1,16,16,6,9,18,8,7,15,12,16,4,18,16,17,15,16,16,16,17,13,16,8,13,14,16,10,1,4,12,6,10,4,13,5,16,14,3,6,17,10,4,3,5,6,16,13,8,19,18,3,15,18,3,11,6,10,15,13,18,16
9033,140608,2860044,65367718,135380,2090018,42367856,2625664,40082476,57140312,9033,-1269971456,178548378735628,-25102551335600311898,-1222752160,171909702292258,-24169203555797140352,165517862302064,-23270559120937210916,-22405327699284196648,5.664699332357286e+37,1.2600948373110985e+40,1.341981689292757e+46,-3.605310928503958e+50,1.2600948373110985e+40,6.620345034522531e+44,-2.456027685000137e+49,1.3419816892927574e+46,-2.456027685000137e+49,-3.605310928503958e+50,41,17,46,57,25,33,17,52,80,77,20,55,45,58,30,88,39,43,8,26,0,11,4,16,4,3,10,16,6,15,4,10,17,8,3,16,8,11,12,9,18,15,3,8,9,12,9,5,9,12,4,3,10,17,3,4,10,16,10,12,9,8,16,1,3,17,17,3,12,16,6,17,18,12,14,8,11,11,11,1,12,12,13,4,3,19,10,16,10,10,10,9,10,4,9,12,16,18,13,10,16,3,1,10,10,12,9,10,8,6,15,20,16,14,1,8,4,1,10,13,13,3,9
1508,10367,93433,948329,9546,64384,576788,75998,504066,676062,1508,-15623069,161856975067,-1676859006710219,-14385822,149038917676,-1544062064969456,137236006694,-1421782205667388,-1309186480275342,222006881475215.72,1.8434731891516676e+16,6.165145393220258e+20,-1.0383219117007535e+24,1.8434731891516676e+16,3.275701178854342e+19,-7.635176143314669e+22,6.165145393220258e+20,-7.635176143314669e+22,-1.0383219117007535e+24,10,4,12,3,6,6,5,10,10,13,3,5,15,7,5,11,7,6,3,6,0,11,1,10,9,15,8,14,9,4,10,16,3,10,14,15,3,13,13,1,7,2,16,1,6,13,18,6,3,3,10,5,7,19,14,1,17,8,11,6,13,13,3,16,1,20,14,6,6,18,5,5,10,17,18,7,5,13,17,3,20,13,5,9,13,13,9,8,1,5,17,17,9,8,20,7,13,12,8,12,16,12,6,16,8,2,10,3,8,10,15,16,14,19,16,13,1,10,17,18,16,9,18
12358,222532,5267764,140226844,211809,3811910,90007316,4741203,85314002,119406189,12358,-2749827924,611875192360308,-136150792756767397140,-2617323813,582391172286038,-129590185429415079680,554327881196439,-123345710208319638034,-117402133798393126287,3.019017410974764e+45,1.4013222068124636e+48,1.544335626483986e+54,-6.199829666959184e+58,1.4013222068124636e+48,7.697222355425324e+52,-3.994789698282504e+57,1.544335626483986e+54,-3.994789698282504e+57,-6.199829666959184e+58,72,14,52,77,24,58,34,29,92,120,26,82,69,59,43,162,62,55,6,22,0,11,17,7,6,4,4,10,6,16,3,18,7,14,3,16,8,18,10,17,20,10,4,6,10,10,11,7,14,1,1,6,6,16,6,17,1,18,3,9,9,16,1,6,7,12,4,4,3,14,12,5,12,8,16,6,16,1,5,13,17,2,14,16,12,6,13,18,10,12,17,7,17,20,14,6,16,6,11,10,7,10,9,9,1,15,10,10,14,16,16,4,3,19,12,1,1,9,15,9,15,10,16
5870,75173,1267189,24067571,72097,916804,15360254,1149095,14507550,20596315,5870,-441190337,33159951490561,-2492308422778469159,-423137293,31803080895712,-2390325741737489234,30501732585107,-2292516128247610180,-2198708821283210821,2.1526258860282953e+30,5.057558352428128e+32,1.944876199598316e+38,-3.0167833888838195e+42,5.057558352428128e+32,9.900787672767933e+36,-2.0356337167925356e+41,1.944876199598316e+38,-2.0356337167925356e+41,-3.0167833888838195e+42,66,9,33,37,19,38,13,30,37,57,10,24,25,20,28,39,32,52,5,18,0,11,1,13,6,14,10,1,10,5,16,18,16,3,9,17,6,10,18,4,5,1,15,12,10,17,1,10,6,10,12,10,18,1,16,6,6,17,1,9,1,10,15,3,1,6,10,1,18,15,3,18,16,4,10,17,6,5,13,4,11,10,6,6,15,18,9,17,10,7,13,1,18,7,1,6,8,10,1,15,12,8,13,4,3,12,1,3,11,1,15,10,3,5,12,10,8,15,18,18,1,2,12
2159,16754,171798,1986482,17254,133208,1370418,172644,1328904,1922584,2159,-36155132,605462556810,-10139222641986578,-37234132,623531707220,-10441812279675922,642140185656,-10753433591448320,-11074356194282128,6.674781166581444e+16,4.280354707801879e+17,4.546404451295147e+23,-1.6873435331582936e+27,4.280354707801869e+17,2.27734654252468e+22,-1.5135480790178181e+26,4.546404451295147e+23,-1.5135480790178181e+26,-1.6873435331582936e+27,14,2,13,17,10,18,8,6,9,17,2,6,11,11,18,21,2,11,8,7,0,11,1,4,14,7,6,1,13,4,14,1,1,1,6,9,16,7,6,3,10,6,6,16,20,9,18,8,10,20,4,10,4,12,5,14,6,9,15,2,4,10,16,1,4,2,13,16,10,17,3,16,10,10,4,9,18,6,16,8,14,18,4,16,6,13,19,10,1,5,4,16,15,1,5,15,6,4,14,5,18,10,4,9,6,3,20,13,15,19,3,1,19,16,12,16,15,3,16,3,16,10,10
3448,34111,442955,6473089,35210,346129,4458959,460248,4506443,6739646,3448,-117580617,4009629309121,-136732805370119721,-121368870,4138812822389,-141138102624401679,4272158628848,-145685338447536765,-150379086335901594,9.916231493708956e+21,-3.8168277923163174e+23,2.430550337567092e+29,-2.0438680601358134e+33,-3.816827792316315e+23,1.2695414616329328e+28,-1.7882236905204368e+32,2.430550337567092e+29,-1.7882236905204368e+32,-2.0438680601358134e+33,35,5,19,36,8,27,8,9,22,32,5,15,27,19,24,31,9,23,1,3,0,11,16,1,3,1,1,1,6,1,13,10,13,15,10,2,2,10,4,9,6,13,12,6,20,6,5,7,10,7,6,4,9,6,9,10,6,14,20,8,15,10,18,4,13,6,16,13,1,4,9,1,6,10,10,1,6,3,15,10,18,4,18,12,6,4,12,18,4,9,4,17,7,14,14,18,18,16,15,8,15,1,1,10,12,1,18,15,10,10,18,18,3,13,4,17,3,4,14,10,14,9,10
2808,26800,330054,4558480,23491,222321,2718269,256295,2388541,3150943,2808,-75227600,2015381770054,-53993000291783120,-65939237,1766542215121,-47326472898185845,1548427045581,-41483066298496681,-36361148795884247,4.250332463416585e+20,9.527370461039748e+22,6.409594974868832e+27,-3.183264803433892e+31,9.527370461039748e+22,3.57084526966218e+26,-1.8734400213314208e+30,6.409594974868832e+27,-1.8734400213314208e+30,-3.183264803433892e+31,26,3,20,12,14,26,14,11,21,33,6,7,17,7,18,12,9,21,5,9,0,11,18,1,18,10,6,6,15,6,18,10,15,10,15,10,10,10,16,1,10,9,13,6,8,7,18,13,15,1,6,13,1,1,1,5,6,17,16,18,17,16,1,9,18,1,18,12,6,18,14,10,7,20,14,14,17,6,4,6,3,7,1,18,10,10,10,13,6,11,10,6,16,6,4,17,3,5,6,13,14,10,9,12,10,12,9,9,10,5,17,18,18,1,19,3,13,15,6,20,6,7,16
12694,237544,5801552,158766844,228731,4243626,103270478,5419025,100244564,144061301,12694,-3015145992,716173418173264,-170109297271259308164,-2903282583,689603028463114,-163798157489291893378,664018416040837,-157721164765004943592,-151869632079485099205,1.116396384962685e+47,3.0611760915268296e+49,6.849682156476958e+55,-3.1462653179010116e+60,3.0611760915268296e+49,3.50360780902624e+54,-2.1674299620245992e+59,6.849682156476958e+55,-2.1674299620245997e+59,-3.1462653179010124e+60,83,59,65,77,35,101,35,44,39,138,23,41,109,62,71,73,67,83,15,35,0,11,4,10,1,1,10,2,15,19,6,10,10,10,1,10,10,13,13,6,1,1,16,17,14,18,2,17,6,17,3,11,9,10,15,10,13,1,16,13,4,17,7,10,3,11,10,15,7,10,20,14,6,2,14,18,18,14,6,12,10,4,10,17,20,10,13,17,12,1,16,10,16,5,10,14,3,8,14,4,18,14,6,20,18,10,8,1,7,12,14,18,15,14,18,13,10,14,15,10,15,8,18
5807,72494,1190460,22038974,71302,873368,14275568,1144598,13876372,20648206,5807,-420900164,30507482299440,-2211228610875649082,-413979412,30005855399708,-2174869910420948024,29512477203818,-2139109089247037216,-2103936315190240414,8.51809098478113e+28,6.190659961130575e+30,6.658247305573932e+36,-1.0287779653855951e+41,6.190659961130576e+30,3.532265629048178e+35,-7.92571050799883e+39,6.658247305573932e+36,-7.92571050799883e+39,-1.0287779653855951e+41,72,5,20,12,43,45,11,7,26,24,8,28,43,39,11,82,45,32,2,7,0,11,1,1,16,1,9,15,9,14,4,4,9,7,10,9,11,10,15,3,11,17,6,10,13,7,12,15,9,2,5,3,2,3,14,15,6,13,17,20,18,12,11,17,18,6,16,5,18,2,17,16,2,16,6,16,10,15,6,10,12,13,13,7,15,18,9,16,8,16,11,17,17,5,17,14,14,4,8,4,5,10,14,9,7,6,12,4,18,2,9,14,8,19,10,6,10,5,3,3,15,16,16
11693,211677,5012683,133584303,198038,3581847,84702841,4449016,80246693,112784666,11693,-2474927484,523840422891022,-110875486674725132640,-2315460296,490087772568513,-103731437665963836331,458509911498820,-97047702184209949231,-90794620753325200838,2.856560170458652e+45,1.6333771771286053e+48,1.453597715890349e+54,-5.866251342985628e+58,1.6333771771286053e+48,7.615892337332309e+52,-3.790746166309743e+57,1.453597715890349e+54,-3.790746166309742e+57,-5.866251342985628e+58,87,17,48,126,53,66,21,45,95,114,41,43,76,52,64,82,52,64,10,29,0,11,16,10,10,12,13,18,10,10,13,13,9,18,9,1,20,10,16,14,6,4,15,5,8,9,19,3,3,4,17,17,18,1,16,13,18,8,10,15,18,3,13,9,6,20,20,10,20,19,17,20,14,16,9,4,11,4,5,10,3,8,17,16,8,15,3,17,15,5,6,9,5,1,9,11,13,9,16,14,9,10,15,3,18,5,12,11,3,5,13,3,12,16,5,10,10,9,17,10,17,18,18
3871,40466,548868,8369258,40241,412945,5567089,536899,5461439,7979537,3871,-156603420,6335477045432,-256305195573152334,-155732670,6300250244859,-254880070677072167,6265219572288,-253462880306598513,-252053580227449668,2.226550586551469e+23,6.59224691464578e+24,6.793517624153059e+30,-6.084025284744469e+34,6.592246914645814e+24,3.495863143077289e+29,-4.842394662642423e+33,6.793517624153059e+30,-4.842394662642422e+33,-6.084025284744469e+34,23,9,21,27,10,31,12,17,26,34,12,14,24,22,21,19,21,21,5,13,0,11,3,6,4,17,1,4,4,14,6,6,13,18,13,13,13,18,1,13,6,6,13,6,10,6,6,1,13,6,6,15,15,4,13,9,9,20,1,18,17,3,3,20,14,10,16,9,14,18,10,6,10,6,18,12,6,9,18,10,4,2,5,7,15,15,17,6,14,9,2,1,10,9,10,10,20,3,16,13,9,1,15,14,4,18,3,7,7,19,14,1,16,6,6,13,7,8,18,2,8,10,3
8118,116717,2201561,46611479,119318,1702408,31932878,2283386,32367978,48934700,8118,-947391889,110563118451885,-12903005991093666727,-968504206,113026980675104,-13190545112628527322,115545750349770,-13484492074948254692,-13784989680355598224,5.8516002219291e+34,-3.968649586555083e+36,1.0519245383779122e+43,-2.6320154239350076e+47,-3.968649586555082e+36,5.456915181356457e+41,-2.062775871169916e+46,1.0519245383779122e+43,-2.062775871169916e+46,-2.6320154239350076e+47,80,10,22,65,17,39,14,21,38,60,27,24,73,80,38,66,33,36,4,30,0,11,6,15,6,16,6,17,5,4,15,10,10,3,9,1,17,16,14,10,10,10,4,17,3,19,4,16,8,10,14,8,2,3,10,8,15,14,6,3,17,14,1,9,20,1,18,12,16,8,9,9,9,18,12,3,9,12,13,7,18,1,10,20,1,10,4,18,11,4,16,18,18,9,12,2,6,14,17,18,7,3,4,18,1,12,9,14,17,11,4,4,10,9,3,10,10,9,15,14,18,4,18
2392,19553,208697,2516333,19106,154471,1642933,198146,1590609,2312738,2392,-46751223,913744552207,-17858979888866643,-45682446,892855441491,-17450704851296181,872443972186,-17051765277026593,-16661947662184914,1.1832201241658394e+18,1.0384098316585347e+20,1.061120424282454e+25,-4.458635175967864e+28,1.0384098316585347e+20,5.9134324200923186e+23,-3.57201974806963e+27,1.061120424282454e+25,-3.57201974806963e+27,-4.458635175967865e+28,13,5,9,24,13,15,2,12,23,27,7,10,16,6,9,17,9,10,5,9,0,11,16,6,4,16,1,15,16,10,6,9,6,16,1,13,13,6,13,18,13,4,6,16,8,15,8,20,16,11,15,5,2,13,5,1,4,15,17,15,10,18,10,9,1,9,6,8,15,7,4,18,8,12,8,12,10,9,12,9,13,4,19,5,5,9,9,12,13,5,6,10,18,13,18,10,4,12,16,14,6,14,10,8,20,4,16,1,8,17,2,4,20,10,3,4,1,20,13,6,9,9,10
2599,22975,267025,3493837,21452,189851,2216051,233410,2061427,2887202,2599,-59689050,1370828340150,-31482666013141788,-55732296,1279956830751,-29395694822727699,1195109258898,-27447070540203027,-25627621873717926,2.1855440947332518e+19,2.997796406374697e+21,2.623881969909924e+26,-1.3034333405569365e+30,2.997796406374696e+21,1.5165550549781693e+25,-9.916715097869728e+28,2.6238819699099232e+26,-9.916715097869726e+28,-1.3034333405569365e+30,19,9,18,16,5,39,10,13,7,28,5,10,11,19,16,15,12,19,2,1,0,11,1,16,3,16,6,12,14,6,17,10,2,17,10,4,5,1,18,14,11,17,2,14,16,2,18,3,1,18,15,9,16,10,14,6,18,1,6,18,14,3,18,4,18,7,10,4,3,14,11,18,10,18,7,17,17,10,13,16,14,4,18,14,1,10,10,4,6,17,6,15,14,1,18,10,9,6,11,6,16,6,14,10,14,12,10,6,1,1,18,1,8,10,6,6,13,6,17,18,14,6,18
10306,165062,3519524,84844574,159154,2516267,53421983,3255526,50844399,75281782,10306,-1700963910,280737262968100,-46334558071082000274,-1640081970,270688942370859,-44676122956499064549,261000279113190,-43077047852125565225,-41535208088027145222,6.411308334852169e+40,3.185463665941932e+43,2.049440105424433e+49,-6.417745345954261e+53,3.185463665941934e+43,1.0793351660386647e+48,-4.1647800841312266e+52,2.049440105424433e+49,-4.1647800841312266e+52,-6.417745345954261e+53,64,21,43,55,39,69,28,37,41,104,18,45,60,50,40,80,50,75,17,36,0,11,6,13,6,18,10,10,10,10,10,18,1,17,1,19,7,6,14,6,8,13,18,8,4,13,16,18,13,4,10,18,18,9,13,6,1,17,18,17,10,15,2,18,6,12,6,16,18,4,19,3,6,13,13,16,13,7,19,17,10,20,16,3,6,16,16,16,8,10,16,17,12,12,1,17,5,14,12,17,6,17,20,15,2,17,4,13,6,3,13,10,6,6,16,1,1,8,7,10,20,18,9
3841,39697,540089,8287447,38276,396727,5404135,501864,5214905,7422980,3841,-152436480,6049695634840,-240092253898520226,-146979840,5833139662835,-231497864307633859,5624335805528,-223211130660844743,-215221039366571100,2.2092949633025574e+23,2.806278605511186e+25,6.458185460912663e+30,-5.580056183426476e+34,2.8062786055111876e+25,3.584536443236069e+29,-4.267723515024583e+33,6.458185460912663e+30,-4.267723515024584e+33,-5.580056183426476e+34,40,8,20,31,16,19,5,8,14,32,10,8,35,9,19,55,24,18,2,7,0,11,11,5,16,6,5,12,1,3,20,4,1,16,16,16,15,2,16,16,1,16,13,1,6,3,16,10,16,20,20,7,16,13,1,3,16,5,16,16,11,6,16,13,18,12,1,14,3,5,2,17,3,10,1,18,16,16,1,12,5,8,13,17,18,17,1,8,16,17,16,13,3,10,14,19,10,18,14,13,1,10,18,16,16,18,1,13,16,14,17,15,1,13,7,13,5,6,18,13,1,13,16
7590,108221,2033229,43217789,102692,1452395,27115173,1816196,25513797,36145376,7590,-821289169,88869025406737,-9616227777508140445,-779329588,84328715364411,-9124935564791907449,80020370220228,-8658743523427206327,-8216369278069349776,5.471008337575984e+34,2.0443237519393748e+37,8.718508753101261e+42,-1.8222175294720987e+47,2.0443237519393752e+37,4.47126252228573e+41,-1.161006092883406e+46,8.718508753101261e+42,-1.161006092883406e+46,-1.8222175294720987e+47,57,3,36,46,37,52,14,53,52,66,13,38,40,19,35,53,32,41,12,41,0,11,1,4,16,15,6,15,10,20,10,19,11,2,10,1,1,1,10,1,16,5,10,11,6,5,11,18,6,19,5,8,9,13,10,9,4,17,17,17,16,18,15,20,7,14,16,8,15,19,9,10,18,16,4,11,9,1,4,12,8,9,16,5,10,15,16,5,17,9,10,13,7,10,1,6,17,4,14,12,5,10,10,1,9,9,8,14,17,14,19,9,9,5,6,10,3,16,1,9,10,18,7
6695,89672,1576812,31223234,88723,1171036,20425618,1538285,20136062,29984563,6695,-600264368,53818866916524,-4825324658286695774,-593911762,53249300724244,-4774258111793358386,52685763027482,-4723732072551073010,-4673740818905431966,6.383434207511825e+31,5.774269766683503e+33,7.514111374135909e+39,-1.4485903302069204e+44,5.774269766683495e+33,3.9467426554632e+38,-1.0914710993730529e+43,7.514111374135909e+39,-1.0914710993730529e+43,-1.4485903302069204e+44,24,19,28,30,41,33,29,42,29,116,9,52,21,33,13,63,41,23,6,9,0,11,1,5,3,18,16,2,5,5,19,18,18,10,5,16,1,6,2,9,18,8,17,16,19,3,14,11,2,8,4,9,4,1,12,9,17,20,12,2,4,12,10,6,10,16,4,8,13,3,17,10,13,12,17,17,4,5,10,4,5,16,5,12,5,10,13,17,8,7,12,15,17,5,16,15,10,11,12,10,17,5,10,3,10,17,15,2,14,8,12,19,8,7,4,3,17,5,14,16,7,7,14
7385,105325,1993713,42625651,100374,1429579,27046275,1789768,25294785,35916636,7385,-777719800,81902246573088,-8625186132562308274,-741161616,78052276743229,-8219742914163401237,74383282894276,-7833358414757010307,-7465136734471375428,5.323240655204044e+34,1.8649726770565091e+37,8.56431094541693e+42,-1.823552470718496e+47,1.8649726770565096e+37,4.447252844390693e+41,-1.1899495373982404e+46,8.56431094541693e+42,-1.1899495373982402e+46,-1.823552470718496e+47,62,6,37,67,39,58,10,27,33,84,8,19,35,35,44,52,37,43,10,31,0,11,1,3,17,14,20,8,10,13,12,3,8,6,18,16,16,10,3,2,15,4,1,5,15,10,10,16,13,17,4,15,10,20,1,20,7,10,16,15,1,1,19,20,6,6,10,1,18,10,10,14,17,16,13,4,1,13,20,8,20,1,10,10,16,15,10,5,15,1,14,3,13,3,14,10,15,14,7,1,10,1,4,6,10,17,4,4,4,20,14,1,5,10,18,20,1,1,6,18,20,16,12
4801,54836,818124,13718960,52925,599499,8931209,757977,8523611,12213863,4801,-263212800,14430530932028,-791147792766834720,-254040000,13927635844199,-763576770535434219,13442266702352,-736966601652367311,-711283799572678062,1.275801407157722e+26,1.6702692938620225e+28,6.117424343e+33,-6.900057923622614e+37,1.670269293862023e+28,3.2010414509484847e+32,-5.091428346262204e+36,6.117424343e+33,-5.091428346262204e+36,-6.900057923622614e+37,26,17,15,22,27,21,17,38,19,54,11,30,16,19,12,29,25,30,11,22,0,11,4,9,9,2,17,10,12,5,10,18,10,10,13,5,5,11,8,10,18,17,1,4,10,4,4,16,13,4,3,16,8,14,10,6,18,17,15,12,9,8,11,17,1,14,20,4,2,20,14,9,8,11,14,3,13,8,14,14,1,4,6,18,20,2,12,15,17,19,3,6,19,10,2,19,12,3,18,1,1,6,17,4,16,11,14,10,2,13,3,20,5,14,3,5,3,13,16,4,9,18,17
2786,26383,324745,4494073,25030,236911,2908861,289052,2708635,3739528,2786,-73476655,1937838850921,-51107655312925453,-69708550,1838460545071,-48486696487383925,1744178794652,-46000152023115041,-43641128378816152,4.217032137848511e+20,4.428806279950504e+22,6.974221621126138e+27,-4.113794201857466e+31,4.428806279950504e+22,3.651029630509971e+26,-3.0685793383852757e+30,6.974221621126138e+27,-3.0685793383852757e+30,-4.113794201857466e+31,19,5,21,26,18,30,7,18,26,19,8,13,14,10,12,15,16,16,3,5,0,11,1,17,17,9,15,18,10,20,18,6,6,10,1,4,4,18,3,3,9,18,10,7,1,1,5,8,13,5,6,3,8,17,3,8,14,8,13,10,3,20,4,17,4,9,7,15,6,5,1,5,18,4,5,4,10,1,4,3,1,1,1,1,8,3,12,11,12,4,16,4,10,5,6,15,17,8,15,18,12,10,1,9,13,11,15,8,9,4,6,16,16,15,13,18,19,16,3,3,3,19,10
10865,184127,4127873,104268323,177551,3014784,67512164,3821019,64805122,92974619,10865,-2000355728,368285600505200,-67805081872181179436,-1928914064,355132470943935,-65383458297894264093,342449100440682,-63048322101940478133,-60796584407885628950,2.2304895661940607e+42,7.292703354318407e+44,8.633252304523141e+50,-3.092851113941279e+55,7.292703354318407e+44,4.4652203276597633e+49,-2.134517400313027e+54,8.633252304523141e+50,-2.134517400313027e+54,-3.092851113941279e+55,45,32,58,76,44,49,30,71,72,126,39,56,51,48,59,58,40,56,19,39,0,11,13,13,15,13,16,16,6,4,10,19,6,8,7,10,11,13,13,15,8,10,18,4,2,10,10,13,12,6,11,8,18,17,10,4,2,10,15,4,1,17,10,8,17,8,9,7,4,10,5,9,4,1,15,9,20,13,10,7,14,10,10,14,3,4,16,16,20,8,5,18,16,18,17,14,4,1,4,15,4,4,5,5,3,4,17,15,15,10,2,3,10,15,10,5,14,13,5,10,9,18,8
26293,667706,22398942,844715228,666730,16898854,566821666,22274776,562391426,837091384,26293,-17555326152,11721350794743818,-7826118599430562628568,-17529665160,11704217442600434,-7814678988841638217042,11687109145508676,-7803256107035436793270,-7791849929537922046056,1.890600604026268e+70,2.62275242177965e+72,6.333016926657164e+79,-7.2773882762260516e+84,2.6227524217796373e+72,3.1942974999970335e+78,-5.06667681548702e+83,6.333016926657164e+79,-5.06667681548702e+83,-7.2773882762260516e+84,117,37,146,178,71,144,66,127,166,244,52,104,133,132,119,274,140,154,17,64,0,11,7,18,16,10,1,4,1,10,4,18,15,6,6,13,10,14,4,4,4,8,19,1,18,10,12,14,16,1,4,16,10,14,4,10,5,15,9,18,16,10,1,3,13,1,1,10,6,5,8,8,16,13,19,16,10,10,10,10,13,16,6,16,18,16,5,17,3,4,12,8,16,12,14,3,10,15,1,5,17,1,13,4,18,10,14,12,14,16,10,17,16,10,16,3,18,4,9,8,7,8,20
13939,257922,6291022,172555248,247138,4567866,111597436,5783942,106473250,153270562,13939,-3594916836,927141622707730,-239113066916303992932,-3444609444,888376819255998,-229115488160412284616,851232817364170,-219535919826613065938,-210356884381616458818,1.2258901221045301e+47,5.321176148378009e+49,7.366864036353116e+55,-3.330068124806064e+60,5.321176148378007e+49,3.8001596210003114e+54,-2.256524101289466e+59,7.366864036353115e+55,-2.256524101289466e+59,-3.330068124806065e+60,102,21,56,43,42,70,34,40,39,127,27,58,115,79,46,156,77,79,5,52,0,11,16,1,13,1,6,16,16,7,13,1,1,16,1,15,8,13,13,9,5,6,6,1,1,18,16,6,1,1,1,13,1,6,13,6,1,6,13,1,13,7,14,14,12,6,13,1,14,12,14,11,14,18,13,16,6,20,6,10,7,7,14,12,20,8,1,13,16,6,7,20,16,14,6,13,6,9,11,17,16,10,13,10,3,17,14,2,6,3,20,20,16,1,10,20,17,18,13,17,14,12,18
4214,46965,677387,10940013,45982,502554,7208804,645610,6943256,10118140,4214,-197863545,9290456357087,-436222755198929727,-193722166,9096002484114,-427092388395714900,8905618938298,-418153139465921710,-409401007602872368,5.090063745964514e+24,1.406051283968075e+26,2.0070844700774226e+32,-2.0940342052351287e+36,1.406051283968075e+26,1.0337717312681865e+31,-1.658687125310388e+35,2.007084470077423e+32,-1.658687125310388e+35,-2.0940342052351287e+36,31,13,20,31,16,31,5,27,35,40,7,16,20,19,16,30,22,29,10,7,0,11,1,17,1,4,18,10,12,8,6,9,9,10,20,4,6,9,17,9,4,18,20,4,10,10,3,16,13,6,9,18,10,10,14,16,9,3,14,8,17,1,6,12,1,1,15,9,12,7,10,4,6,9,1,1,8,16,12,9,8,17,16,2,8,5,14,10,10,14,4,1,6,8,9,17,1,5,17,15,9,2,6,4,17,1,5,8,1,13,14,2,4,11,8,13,8,4,19,18,2,15,15
6832,96185,1765793,36403589,91897,1269481,23030307,1595775,21748989,31065613,6832,-657039735,63188117122543,-6076859524337862651,-627748407,60371142683831,-5805948453318748909,57679751895245,-5547114881383075585,-5299820377629143229,1.758795829207569e+33,3.5744785781737405e+35,2.405283528556324e+41,-4.741622135676302e+45,3.57447857817374e+35,1.1915784759056006e+40,-3.235221749849942e+44,2.405283528556324e+41,-3.235221749849942e+44,-4.741622135676302e+45,39,25,34,53,34,39,22,32,46,57,12,37,45,30,38,37,34,40,10,20,0,11,5,1,4,1,1,9,17,17,15,13,2,6,11,1,4,5,9,4,9,13,4,1,13,17,4,14,10,3,18,1,2,6,14,4,12,10,13,18,6,1,19,13,13,6,1,1,13,1,13,5,14,20,17,13,3,7,18,18,6,13,6,1,3,8,3,13,17,14,8,17,5,13,6,2,8,2,18,9,17,13,2,10,13,6,17,2,16,2,10,15,7,6,4,12,20,3,3,12,16,2,10
4636,52313,777749,13079717,48928,551802,8204504,683210,7668388,10804210,4636,-242470755,12681636734095,-663271381460570595,-226781280,11861050081978,-620353281040748476,11093561201866,-580212286479021590,-542668698184618446,1.2319548684822319e+26,3.1281811254859945e+28,5.622458873738541e+33,-5.941659898268183e+37,3.128181125485997e+28,3.11803339375516e+32,-4.0380528236001354e+36,5.622458873738541e+33,-4.038052823600136e+36,-5.941659898268183e+37,28,6,25,28,24,26,28,19,21,48,8,14,17,26,30,27,18,32,9,17,0,11,18,6,16,1,10,15,15,6,1,7,1,20,18,20,10,18,16,9,1,16,7,8,16,15,6,7,14,7,14,1,19,6,16,15,13,13,1,1,4,2,1,17,14,15,1,13,6,16,18,18,4,10,10,6,9,16,20,13,14,3,3,7,16,12,10,17,15,9,18,10,17,15,18,6,15,12,10,7,12,14,14,7,7,13,10,19,10,8,9,4,15,18,9,4,7,5,20,9,14,20,18
7400,105601,1986653,42210229,101764,1442701,27095255,1820270,25569095,36570400,7400,-781341799,82499325731651,-8710834099060557127,-752951836,79501721895973,-8394326859938275147,76613036547278,-8089319971402574815,-7795395562638708808,5.334052924645899e+34,1.5456038506784884e+37,8.670774908886573e+42,-1.862704943044937e+47,1.5456038506784884e+37,4.378282349864748e+41,-1.2332016876468278e+46,8.670774908886573e+42,-1.2332016876468273e+46,-1.862704943044937e+47,84,7,21,36,31,76,6,36,27,91,15,23,44,19,56,60,29,50,11,16,0,11,15,6,13,13,1,19,13,10,15,10,10,4,13,13,16,13,1,4,13,6,15,10,10,13,18,1,2,18,19,1,1,1,16,15,18,13,6,16,10,16,13,5,17,6,10,15,13,1,15,10,19,6,1,6,13,1,10,10,19,6,18,6,1,1,15,15,19,15,16,6,2,15,6,6,6,13,6,1,16,15,6,18,10,6,10,1,15,10,10,6,10,19,1,15,6,13,6,16,2,15,2
4060,42810,589820,9149016,42976,453525,6241803,586496,6219317,8986318,4060,-173765790,7437081363620,-318303045947770584,-174439584,7465919242005,-319537285559908217,7494869211904,-320776322581953163,-322020175706014002,2.3352610130196272e+23,-3.113519382616225e+24,7.355235515302895e+30,-7.058396401556181e+34,-3.113519382616225e+24,3.877741740269727e+29,-5.983807434652544e+33,7.355235515302895e+30,-5.983807434652543e+33,-7.058396401556181e+34,32,7,21,20,22,40,8,12,11,44,5,6,34,12,36,28,12,37,5,7,0,11,1,5,19,6,19,15,1,1,1,1,10,15,10,19,6,15,18,18,4,15,18,4,1,6,6,6,18,6,13,5,14,1,2,6,2,15,10,18,10,6,6,15,3,3,18,16,1,6,10,15,6,16,7,6,1,15,6,4,13,10,3,13,1,15,13,10,14,15,13,13,15,13,4,18,13,15,1,5,15,15,14,13,15,1,1,1,13,16,5,5,5,16,16,8,9,6,6,15,15,16,8
21178,492641,15182757,527492741,486999,11304152,347461462,14762699,341283642,502191579,21178,-10432658457,5139312614942813,-2531716559313016298145,-10313177823,5080454331530336,-2502721923004233125470,5022270133359875,-2474059353084925177288,-2445725046462968413149,2.7551129949012533e+63,1.1392141281080069e+66,5.9122907079509464e+72,-5.269978417524758e+77,1.1392141281080067e+66,2.986603742454425e+71,-3.5476259312603714e+76,5.9122907079509464e+72,-3.547625931260372e+76,-5.269978417524758e+77,111,35,106,198,93,103,54,99,132,200,39,89,68,109,132,171,100,116,25,78,0,11,3,12,5,5,17,4,6,17,15,18,19,10,15,4,12,6,14,7,5,13,16,17,18,12,16,2,1,4,6,8,18,18,5,15,17,3,20,6,14,18,5,17,20,9,14,16,17,8,17,7,14,9,18,17,1,11,7,13,17,12,4,4,6,18,3,3,11,1,16,10,17,4,10,7,6,6,16,8,11,20,12,10,5,14,15,20,9,15,12,14,8,20,17,20,8,6,16,8,10,1,16
6851,92004,1629142,32541462,88976,1171328,20569596,1527536,19869526,29650610,6851,-630227400,57974978602726,-5333151441535406514,-609485600,56066928165824,-5157628753317541988,54221675544560,-4987882874526082666,-4823723676209428046,6.532174422055786e+31,1.1750481208267188e+34,7.523208023759073e+39,-1.4226610940807799e+44,1.1750481208267188e+34,4.0655285027392825e+38,-1.0492573594757374e+43,7.523208023759078e+39,-1.0492573594757374e+43,-1.4226610940807797e+44,31,19,39,39,33,44,15,29,44,65,18,23,47,29,27,46,41,51,10,13,0,11,1,14,6,17,10,8,15,18,17,13,4,14,13,17,7,1,18,2,18,10,6,17,10,17,14,10,3,8,2,16,16,1,13,4,3,2,17,16,5,16,8,12,1,16,13,6,18,18,18,3,8,1,7,6,13,13,1,9,9,9,16,17,6,16,16,17,19,13,10,3,13,6,18,4,18,17,10,17,11,9,18,1,16,6,16,17,6,3,14,9,18,14,8,16,20,20,6,13,9,17,13
4120,45613,658105,10666183,42053,457223,6528105,555583,5908907,8218499,4120,-187879947,8567688134847,-390703118986235361,-173216307,7898997704925,-360209537647594427,7282497459045,-332095930519505399,-306176543534781807,4.976521744986668e+24,9.926454021100959e+26,1.7842175676240823e+32,-1.587986618639738e+36,9.926454021100959e+26,9.273333115033612e+30,-1.0510604890815646e+35,1.7842175676240823e+32,-1.0510604890815646e+35,-1.587986618639738e+36,18,9,25,28,17,29,8,19,34,42,11,12,24,20,21,20,16,27,6,17,0,11,16,6,15,18,6,3,10,16,13,15,14,9,4,1,10,1,9,5,15,4,12,18,14,3,18,10,13,1,10,13,12,13,3,3,20,5,10,10,15,19,10,15,1,15,16,5,3,10,14,9,16,4,1,11,10,15,9,7,18,4,5,15,9,14,9,3,8,3,12,8,8,16,19,14,13,13,4,18,8,14,14,20,10,16,6,6,11,2,6,20,3,10,3,6,2,13,18,19,20,3,8
8178,121355,2365733,51910913,115672,1700843,33055603,2160418,31469399,45395380,8178,-992319835,120408248906133,-14610356420682101857,-945849944,114769584279403,-13926159874537681503,109394976871202,-13274004080347295983,-12652388571700079708,1.709506296911987e+36,5.95360589426139e+38,3.336254072676261e+44,-8.030236899050479e+48,5.95360589426139e+38,1.7627238320937732e+43,-5.360268563502798e+47,3.336254072676261e+44,-5.360268563502798e+47,-8.03023689905048e+48,45,27,56,61,21,61,15,21,51,55,16,32,40,33,68,59,36,55,14,27,0,11,19,8,14,18,15,17,11,3,6,15,14,17,7,17,18,3,16,10,16,15,10,17,9,18,4,4,10,15,15,9,8,14,4,10,5,7,18,4,13,6,10,14,15,10,5,20,15,6,9,14,11,4,3,6,7,17,10,5,3,20,4,18,15,10,12,3,17,8,14,10,10,18,15,14,16,10,18,10,13,7,16,17,9,4,15,3,16,4,10,16,3,17,3,16,6,2,2,10,6,14,16
8773,136601,2791639,64015247,137316,2136010,43556032,2780074,43350028,62750472,8773,-1198263972,163665399797610,-22354309088495576640,-1204535952,164522060212246,-22471316328471434232,165383205881050,-22588936187860245886,-22707171875112423600,5.501650309174186e+37,-3.1145209426992804e+39,1.390531345696292e+46,-4.081965660679767e+50,-3.1145209426992804e+39,6.970828818732891e+44,-3.064947649173065e+49,1.390531345696292e+46,-3.064947649173065e+49,-4.081965660679767e+50,89,11,44,59,30,39,11,35,63,83,14,37,73,60,34,56,45,50,2,33,0,11,1,17,5,8,16,18,14,10,9,9,17,16,4,18,3,10,1,9,13,10,18,9,5,8,14,14,17,20,13,16,6,6,4,4,14,1,14,20,2,15,1,1,4,4,10,16,9,10,15,15,1,1,18,6,15,13,10,3,9,7,4,6,1,10,4,17,10,10,15,20,20,3,14,8,2,16,8,4,13,9,5,13,5,16,4,12,14,8,2,10,17,5,17,19,9,3,1,5,3,9,6
2670,23283,265031,3409299,24114,208533,2363309,278584,2397955,3618396,2670,-62142327,1446317966483,-33662011881841749,-64360266,1497938835549,-34863448998637285,1551402247912,-36107769877704797,-37396505308887180,2.2452492239083426e+19,-8.346920246124708e+17,3.0107676252722453e+26,-1.7642946068224264e+30,-8.346920246147809e+17,1.5920370481019905e+25,-1.5711100359506898e+29,3.0107676252722457e+26,-1.5711100359506902e+29,-1.7642946068224262e+30,38,8,14,21,10,22,9,18,10,29,5,4,9,9,21,16,19,18,3,5,0,11,9,13,16,6,4,3,14,1,1,10,1,1,6,13,19,4,4,2,5,14,1,1,18,14,10,1,10,15,1,6,14,8,8,15,9,1,10,17,4,4,9,15,18,16,17,9,17,16,1,1,3,10,18,17,4,17,3,7,10,18,4,3,10,8,8,16,4,10,15,4,15,5,13,16,7,15,5,8,1,4,4,1,1,1,16,6,1,9,2,18,10,17,7,16,13,17,19,8,8,3,13
10495,172742,3754336,91771676,167402,2742840,59641274,3459430,56393372,80251556,10495,-1812754548,313109010086388,-54081923330830540356,-1756716588,303429822230852,-52410080212070006534,294049850294202,-50789919334501797704,-49219843018938184560,6.528884239692761e+40,1.7091240961821322e+43,2.1504968552215625e+49,-6.897545562291867e+53,1.7091240961821322e+43,1.0566845531617644e+48,-4.640684062092082e+52,2.1504968552215625e+49,-4.640684062092082e+52,-6.897545562291866e+53,49,13,45,57,37,54,28,52,66,76,26,56,53,40,48,111,66,47,9,37,0,11,1,17,2,8,6,4,9,8,4,3,5,9,18,6,12,10,10,6,9,6,16,5,1,6,18,20,15,1,4,16,8,7,17,6,10,4,18,1,8,9,11,8,3,9,9,1,11,20,9,1,6,11,18,14,15,18,14,12,4,18,9,8,7,2,14,10,9,7,13,16,8,10,4,10,20,12,20,5,4,3,16,12,20,18,20,10,18,10,4,11,2,7,12,6,4,11,12,15,20,10,9
22311,522944,16184338,564747380,526110,12271262,378943998,16194312,375873002,558492780,22311,-11666880640,6100851775161362,-3190260837917375236108,-11737514100,6137787459713822,-3209575264737710367518,6174946767613212,-3229006628778863662366,-3248555638050232314180,2.9025085479857256e+63,-1.6208742945583262e+65,6.4160426961342545e+72,-5.916975845356452e+77,-1.6208742945583173e+65,3.1696870236657484e+71,-4.157959373125735e+76,6.4160426961342545e+72,-4.157959373125735e+76,-5.916975845356452e+77,148,30,102,146,59,110,81,61,109,155,46,68,190,106,109,242,111,133,12,69,0,11,4,17,4,16,4,16,16,17,10,6,3,3,16,18,5,19,10,4,16,4,18,8,8,14,18,17,3,2,4,4,4,4,15,4,4,9,5,15,9,11,9,16,16,18,7,16,4,4,3,3,5,18,13,4,10,7,15,12,18,7,13,15,4,15,13,3,19,4,4,17,10,16,1,11,1,15,6,1,3,18,13,4,8,13,6,3,10,17,10,9,17,2,6,16,17,1,16,11,9,18,9
10811,179397,3892571,94977525,183017,3025712,65462614,4005209,66166040,98126585,10811,-1939281570,347869116422252,-62400903690809280120,-1978413770,354888665421653,-63660073077776874645,362049861727010,-64944651209294733405,-66255150814539067778,6.725466175828339e+40,-1.2847368537624627e+43,2.418217630337471e+49,-8.787613370641481e+53,-1.284736853762459e+43,1.2115705016968096e+48,-6.788570274788161e+52,2.418217630337471e+49,-6.788570274788161e+52,-8.787613370641481e+53,45,19,39,80,33,56,29,44,91,97,20,61,56,38,55,127,52,61,5,15,0,11,19,3,14,15,10,18,15,10,1,10,10,14,7,10,15,1,5,20,6,8,9,18,9,6,18,15,6,14,2,3,15,15,15,7,4,17,1,1,17,4,8,6,6,9,8,5,6,18,13,5,12,1,10,13,7,16,1,18,13,4,20,6,7,8,13,16,5,10,18,3,1,2,17,16,10,4,3,7,8,7,17,4,6,10,5,15,9,16,6,16,18,8,15,10,9,1,10,9,12,9,18
8805,131417,2581843,57182789,129333,1926282,37826448,2494553,37056610,54248649,8805,-1156995268,152031579288710,-19977265106101453630,-1138647732,149620674367665,-19660467114151139133,147248002592420,-19348693039484824629,-19041863208177284472,1.8405726270860887e+36,2.416125319758694e+38,3.7821502556538146e+44,-9.877735801184184e+48,2.416125319758694e+38,1.97943671342249e+43,-7.283616177728178e+47,3.7821502556538146e+44,-7.283616177728178e+47,-9.877735801184184e+48,64,12,43,66,18,43,20,32,66,61,13,27,63,48,37,76,61,60,10,17,0,11,1,16,9,15,9,16,17,17,13,2,11,18,15,17,16,14,18,18,4,14,3,18,13,4,4,18,3,15,1,9,4,9,6,8,6,17,13,14,13,3,18,1,9,3,16,19,1,1,4,10,4,12,16,16,9,4,12,4,18,8,4,18,9,16,11,6,4,16,14,16,9,9,10,14,6,6,20,4,2,9,20,2,13,20,16,17,14,12,10,12,4,5,17,4,7,18,3,11,14,7,13
2942,27517,337021,4646137,25434,237435,2909757,285854,2662869,3601824,2942,-80927497,2226125086681,-61235467085571241,-74801394,2057610328755,-56600020268092161,1901852052494,-52315474576766057,-48355266681905340,4.4531617191494346e+20,7.585329817097414e+22,7.024254363548401e+27,-3.798821571997634e+31,7.585329817097414e+22,3.834607512588511e+26,-2.5344307845814252e+30,7.024254363548401e+27,-2.5344307845814252e+30,-3.798821571997634e+31,15,11,18,27,8,24,6,13,18,29,5,8,9,4,15,23,15,35,1,7,0,11,1,16,18,17,10,16,4,1,4,9,18,20,8,18,7,6,18,14,4,3,10,15,18,3,6,15,6,2,4,3,20,15,2,18,4,18,4,17,3,18,18,16,12,17,16,6,16,1,15,18,9,10,6,7,17,3,8,10,18,6,18,9,1,4,11,6,17,13,9,10,4,9,13,12,4,6,20,10,4,5,5,18,3,2,16,1,16,1,17,13,4,5,4,6,15,6,6,3,3,10,6
6165,78802,1326734,25189564,79143,1000258,16734378,1329205,16570918,25090935,6165,-485735528,38270722648986,-3015320354129204936,-487837452,38436331266076,-3028368501580516280,38602657178392,-3041473163936103156,-3054634586200592544,2.2608072550876425e+30,1.3187702373018767e+32,2.1969681139934043e+38,-3.8541014204430935e+42,1.3187702373018774e+32,1.1631519654124704e+37,-2.9757066617447764e+41,2.1969681139934043e+38,-2.9757066617447764e+41,-3.8541014204430935e+42,34,8,41,67,20,28,13,32,60,39,15,27,33,44,32,46,24,26,7,21,0,11,16,19,6,17,4,10,19,3,14,5,3,12,10,4,9,7,17,14,19,6,8,3,8,10,4,9,20,8,9,5,18,9,4,15,17,4,8,4,10,16,20,1,9,14,10,15,12,10,16,9,9,20,14,13,9,9,12,16,9,4,4,4,4,20,9,20,17,16,2,9,1,5,8,16,12,10,12,4,11,12,3,20,1,6,14,7,4,18,8,16,4,12,11,1,16,14,8,8,18,3,10
10811,185389,4154593,104691781,178545,3049576,68448574,3876515,65868070,94766271,10811,-2004055090,371495404153282,-68864791371282769402,-1930071450,357780918814621,-66322511637570518299,344572732599740,-63874085523525476905,-61516048212077324754,2.2194038380233768e+42,5.387972544215197e+44,8.713881669502356e+50,-3.1677918250967336e+55,5.38797254421519e+44,4.4943650623323273e+49,-2.221522656186615e+54,8.713881669502356e+50,-2.221522656186615e+54,-3.1677918250967347e+55,70,36,55,95,41,52,23,51,78,60,24,39,64,35,59,91,54,69,19,41,0,11,4,18,1,4,18,4,16,13,10,12,13,16,2,9,8,11,17,5,15,13,16,11,4,4,5,15,4,5,12,9,20,10,1,20,11,4,16,9,6,1,7,15,1,6,10,1,9,18,8,13,13,9,4,19,9,13,15,14,2,20,3,3,8,3,12,10,10,8,13,1,13,8,14,14,11,18,17,6,14,16,6,10,5,17,14,20,12,8,14,9,9,1,11,17,18,9,4,5,15,14,10
17936,370863,10164539,313928433,373260,7690009,210406481,10289958,211056749,319711248,17936,-6651427905,2466630977931785,-914731163646268180689,-6694418100,2482573559186929,-920643346583193601213,2498619187268358,-926593743632454696085,-932582601807845065992,1.4185325267191302e+55,1.9294126081169448e+57,1.738223903509141e+64,-1.1925327484483052e+69,1.9294126081169448e+57,9.060908041602004e+62,-8.578935976149668e+67,1.7382239035091412e+64,-8.578935976149668e+67,-1.1925327484483052e+69,115,37,58,113,45,110,53,62,92,134,43,58,98,95,78,213,103,100,21,45,0,11,19,15,1,4,6,9,19,10,13,9,17,16,15,9,16,18,16,14,16,18,5,2,6,17,16,17,20,2,18,10,12,17,18,13,13,8,4,3,3,7,6,12,16,12,16,16,7,18,9,8,5,10,13,9,9,10,10,4,2,10,13,9,2,16,16,10,13,9,4,15,7,15,19,12,17,12,4,4,8,1,1,20,10,8,17,5,4,9,7,4,4,19,10,17,17,16,13,9,17,15,13
17794,382959,10851713,345716037,381132,8162469,230580765,10711542,228610923,338795394,17794,-6813989487,2609331953208065,-999210999933599565753,-6781481676,2596883491392165,-994444016338890489465,2584494423247350,-989699776816489833927,-984978172841119123926,5.910668191227121e+56,3.8444624109496576e+58,8.186766306769525e+65,-5.943348270776906e+70,3.8444624109496554e+58,4.134449804651794e+64,-4.233950523960272e+69,8.186766306769524e+65,-4.233950523960271e+69,-5.943348270776906e+70,97,60,78,147,76,86,62,89,91,189,57,56,87,95,91,128,87,103,22,54,0,11,1,16,4,10,4,13,4,18,14,1,8,3,15,16,10,10,4,2,16,1,4,4,8,1,6,9,19,10,14,1,17,3,10,17,15,4,18,20,14,7,10,1,7,20,18,13,9,8,20,2,15,6,13,12,13,5,13,14,9,4,3,11,10,1,14,7,18,10,10,6,13,11,4,19,20,10,2,6,4,3,13,1,5,6,5,13,9,10,4,14,1,12,9,13,16,7,10,2,6,15,18
6483,85656,1493826,29522166,83292,1088792,18894008,1394118,18055550,26224464,6483,-555222192,47550776621442,-4072381124349053082,-539898744,46238433445304,-3959988363590002048,44962310022102,-3850697565205434706,-3744423115552815144,6.181300069798217e+31,1.4032113040241495e+34,6.922744528633443e+39,-1.227662552536899e+44,1.4032113040241495e+34,3.554627336838575e+38,-8.42839119895125e+42,6.922744528633444e+39,-8.428391198951251e+42,-1.227662552536899e+44,39,20,33,25,36,45,24,40,34,59,22,29,20,23,24,33,37,38,22,29,0,11,14,15,4,4,6,5,12,17,9,11,1,3,6,13,3,4,20,3,17,4,1,6,2,18,13,10,10,7,13,4,4,8,9,13,14,16,7,20,12,7,6,20,6,4,13,10,6,15,9,17,7,8,3,3,20,16,17,19,3,8,18,9,1,17,14,20,6,8,20,4,15,2,15,4,10,18,4,1,6,20,3,18,15,14,13,3,9,4,12,18,17,10,10,7,19,1,1,8,12,12,15
3695,35731,456503,6592729,35573,345389,4436881,441179,4277013,6127037,3695,-131990314,4714869661676,-168421422573846922,-131406662,4694020726448,-167676666948318332,4673264190176,-166935211971013938,-166197042981447428,1.062658798412256e+22,8.904649877948189e+23,2.3922586652566594e+29,-1.7460967895631442e+33,8.904649877948182e+23,1.2505033483037079e+28,-1.343729612985433e+32,2.3922586652566597e+29,-1.343729612985433e+32,-1.7460967895631442e+33,15,8,15,19,15,24,16,12,11,32,7,12,29,13,17,35,21,25,5,10,0,11,16,10,11,18,18,16,11,18,2,18,6,5,5,10,10,14,6,1,19,13,7,4,6,18,7,15,9,13,16,10,10,1,7,13,6,13,10,18,9,16,4,4,17,18,8,10,14,2,19,16,3,18,15,5,14,7,5,10,10,7,15,4,6,9,5,9,3,17,10,7,10,8,6,4,7,7,3,6,18,16,9,1,12,5,16,8,6,13,11,11,14,3,10,1,6,17,20,15,2,20,6
2255,18557,200247,2431553,16384,131572,1396482,158026,1241060,1733140,2255,-41827478,775848347244,-14391034879087820,-36929536,684997493236,-12705862171924806,604785240394,-11218022659344702,-9904408508567020,1.1154520819372778e+18,2.2734102717001007e+20,8.875614815830765e+24,-2.9559372876031446e+28,2.2734102717001007e+20,5.4479605056296724e+23,-1.7418231545443797e+27,8.875614815830765e+24,-1.74182315454438e+27,-2.955937287603145e+28,18,2,7,16,7,15,7,12,13,33,11,9,16,8,12,12,9,9,5,5,0,11,6,13,10,13,15,17,18,4,10,5,20,3,18,10,16,13,20,16,19,10,6,5,4,8,10,2,15,20,14,12,8,19,12,8,12,10,14,10,15,13,16,10,8,17,6,8,11,9,3,16,6,12,9,13,13,6,10,10,13,15,9,6,10,20,11,1,12,3,10,9,10,10,15,7,7,10,14,8,13,8,7,5,13,9,3,5,10,16,18,11,10,4,9,6,16,10,16,1,11,15,5
2167,16722,166768,1880106,16620,128667,1277875,164590,1264327,1836084,2167,-36219852,605388906628,-10118642978143254,-35998920,601696149267,-10056920557798553,598025990590,-9995575865855933,-9934606583213316,6.699514028708649e+16,3.570712723763399e+18,4.403936860630079e+23,-1.596792827539865e+27,3.570712723763399e+18,2.451086878081365e+22,-1.3915560565402364e+26,4.403936860630079e+23,-1.3915560565402364e+26,-1.5967928275398652e+27,18,2,11,14,12,18,4,12,11,28,6,8,10,7,11,15,8,13,0,11,0,11,1,8,5,16,18,20,18,18,12,9,1,6,6,10,8,20,14,10,3,16,20,1,13,15,1,4,1,4,9,17,5,16,20,13,10,3,10,10,10,9,10,7,3,4,15,18,10,18,1,5,6,14,15,3,6,8,15,18,6,7,1,18,10,1,8,12,6,11,3,18,12,6,15,20,17,1,3,6,9,4,18,10,4,20,10,6,12,13,1,12,20,13,18,16,8,15,5,6,15,13,15
8836,137412,2796702,63955404,134203,2084688,42447424,2661367,41222070,59402341,8836,-1214035020,166804100907198,-22918291261078048092,-1185683505,162908702771112,-22383077298133122650,159104275637673,-21860362432128408426,-21349854761891714853,5.541158341714711e+37,7.65269581633722e+39,1.3486744742180887e+46,-3.8169657382906075e+50,7.65269581633722e+39,6.8942956727453205e+44,-2.75996684894424e+49,1.3486744742180887e+46,-2.75996684894424e+49,-3.8169657382906075e+50,46,22,45,72,38,31,19,47,84,71,24,50,36,48,41,84,42,51,3,16,0,11,3,16,17,9,4,9,2,3,16,20,9,3,3,10,10,10,15,11,6,10,12,3,12,9,1,6,11,4,6,10,3,9,4,9,8,12,9,8,8,11,4,1,17,9,6,16,15,5,20,6,12,4,10,9,9,4,9,14,18,12,14,15,8,4,12,11,11,14,14,9,1,14,8,17,16,14,14,10,15,9,1,14,10,14,18,3,15,5,1,11,4,10,4,14,16,15,12,10,16,12,17
3337,32393,418919,6133085,31862,304573,3909251,392754,3704969,5435738,3337,-108063048,3499437426334,-113323313501388054,-106291632,3442073034183,-111465662003932997,3385649184494,-109638468484302733,-107841233449172058,9.597002463604059e+21,9.633177186940631e+23,2.137699679298586e+29,-1.5403372392407462e+33,9.633177186940631e+23,1.1245946055044682e+28,-1.1702221280639892e+32,2.137699679298586e+29,-1.1702221280639892e+32,-1.5403372392407462e+33,21,3,18,31,22,8,7,22,32,43,9,18,11,20,15,18,17,14,1,11,0,11,13,5,13,5,6,9,16,7,9,16,13,1,3,8,18,9,12,10,9,4,16,11,1,18,10,4,9,14,3,8,16,3,9,9,1,4,9,1,17,4,4,18,16,9,12,10,18,1,11,9,4,8,10,20,6,17,12,4,9,4,13,14,17,4,1,18,1,14,10,1,14,4,10,20,12,16,6,10,10,16,17,10,18,1,3,10,14,10,8,3,5,4,6,9,9,3,18,1,14,8,5
23960,586290,18895034,685207482,590223,14465760,466926554,19167811,470558718,700123149,23960,-14046922110,8235226246802834,-4828029289434895117098,-14141152857,8290470481153620,-4860417077156564031928,8346085318695193,-4893022136718876458802,-4925845925715167179029,7.03202458207923e+66,-7.399916579107944e+68,1.9488983451516168e+76,-2.0610026813388735e+81,-7.399916579107946e+68,9.936718774602506e+74,-1.4816398499846216e+80,1.9488983451516168e+76,-1.481639849984622e+80,-2.0610026813388735e+81,116,56,121,175,88,124,51,110,153,217,55,120,112,117,115,236,128,127,21,60,0,11,17,16,4,4,11,17,1,16,18,10,8,13,18,17,14,15,9,18,18,16,1,14,16,1,1,3,4,16,16,4,9,18,16,3,8,12,8,16,9,1,7,17,18,15,15,16,6,4,17,16,7,17,8,16,14,10,12,9,10,9,4,4,13,16,6,16,12,10,13,9,8,10,16,8,1,15,4,9,8,18,16,3,4,12,16,12,4,9,2,19,4,9,8,11,13,3,16,1,9,12,10
4371,47401,677607,10924111,46004,496355,7080413,629242,6738063,9683030,4371,-207142370,9816509303176,-465205918542998078,-201037480,9527197450231,-451495376723409797,9246412491146,-438188926194377907,-425274656734087426,5.279703045470072e+24,6.439750226997705e+26,1.98779425198948e+32,-1.9563248736270446e+36,6.439750226997705e+26,1.0497920972867073e+31,-1.4608532333135738e+35,1.98779425198948e+32,-1.4608532333135738e+35,-1.9563248736270446e+36,33,4,24,23,20,28,10,25,21,34,7,27,19,16,22,37,18,26,9,18,0,11,15,19,8,10,5,8,6,1,10,8,6,16,16,8,2,6,14,4,9,5,5,6,3,14,18,10,15,8,12,18,15,12,6,3,4,8,16,9,10,16,14,10,18,12,16,12,12,10,9,10,12,5,19,9,16,13,16,16,5,12,15,13,18,3,18,10,18,13,16,18,16,10,14,1,5,9,16,5,10,15,16,14,6,10,4,20,1,18,17,8,4,3,10,14,1,10,10,3,12,4,3
1491,10290,93302,954468,9858,69297,632765,81536,573055,752886,1491,-15332100,157661518202,-1621249394110272,-14688420,151042472277,-1553184866477011,144701345732,-1487978229381317,-1425509470980234,219504151379009.84,1.1016592341726228e+16,6.474537949368112e+20,-1.2701481082277126e+24,1.1016592341726228e+16,3.33608049371245e+19,-1.0923891850339906e+23,6.474537949368112e+20,-1.0923891850339906e+23,-1.2701481082277123e+24,14,2,11,7,3,25,3,5,10,19,2,5,6,9,7,8,2,12,3,4,0,11,16,6,16,10,6,15,1,1,1,1,10,10,15,19,6,15,6,1,6,6,6,6,10,19,6,13,6,18,15,1,1,6,16,6,1,6,6,6,6,16,1,4,14,10,3,1,10,18,9,9,3,9,18,18,18,5,10,9,6,17,13,4,14,13,14,2,6,5,16,12,1,18,18,14,8,10,15,10,7,6,18,15,3,20,1,1,20,12,18,10,3,3,13,4,10,15,14,6,8,9,3
3344,31542,384526,5291658,29703,276733,3333657,338347,3105807,4338321,3344,-105444906,3324948711814,-104844175454911626,-99297129,3131093427625,-98731417592818065,2948540692825,-92975058465732663,-87554318281872609,5.0616494863479597e+20,6.307730174182402e+22,8.213579716697958e+27,-4.706949032630049e+31,6.307730174182402e+22,4.263504533021921e+26,-3.414969835771502e+30,8.213579716697958e+27,-3.4149698357715016e+30,-4.706949032630049e+31,16,7,9,19,13,22,2,14,16,23,5,13,17,5,14,34,27,29,3,11,0,11,6,17,9,1,14,18,4,15,9,10,10,2,10,5,8,10,1,8,10,10,2,16,10,1,10,6,16,18,17,18,7,16,16,4,13,4,18,15,8,13,4,12,12,13,18,9,10,16,2,1,20,16,6,5,16,16,13,15,18,4,19,9,5,3,14,6,3,17,17,15,10,18,2,20,12,12,9,8,17,1,16,20,4,3,15,18,17,5,10,13,17,6,8,17,5,9,16,18,17,15,4
