5733,71028,1154534,21149286,70321,863426,13981256,1131315,13789154,20442223,5733,-407132496,28912763103638,-2053257567101518530,-403079972,28624970354654,-2032819769039362734,28340042799286,-2012585444850740198,-1992552568406866652,8.409542899216486e+28,6.429172914976259e+30,6.580804015696534e+36,-1.0196637687238187e+41,6.429172914976259e+30,3.528095605829675e+35,-7.86642996494804e+39,6.580804015696533e+36,-7.866429964948042e+39,-1.0196637687238187e+41,25,25,33,47,21,24,17,34,36,55,13,30,26,17,28,45,34,35,10,12,0,11,6,15,6,10,10,15,6,10,19,13,10,7,8,18,10,19,17,15,8,1,16,17,8,13,13,7,18,14,9,16,18,12,12,3,11,8,18,17,3,12,12,6,1,18,9,5,13,14,10,2,9,5,2,3,18,15,5,16,17,2,3,12,14,9,16,2,11,16,12,2,16,8,17,16,8,2,4,9,13,14,4,18,2,18,1,18,19,15,9,12,3,4,12,8,17,10,4,17,18,2,7
26469,716432,25819310,1049819498,715064,19257171,693182107,25739532,690002375,1043915912,26469,-18962522176,13584844438604718,-9732249581333840336950,-18926313952,13558904681784787,-9713666206899473917653,13533014468988364,-9695118326065809897289,-9676605871023490837336,1.444575796181787e+77,7.295724966612444e+79,7.073519536476699e+86,-9.888999714125822e+91,7.295724966612444e+79,3.6627821406247106e+85,-6.771201531288026e+90,7.073519536476699e+86,-6.771201531288026e+90,-9.888999714125822e+91,96,361,173,201,84,307,48,149,111,141,52,188,175,100,131,173,166,108,13,94,0,11,15,15,6,15,10,10,4,8,1,10,6,5,17,18,10,10,1,16,20,17,16,7,6,1,3,1,12,10,4,1,6,12,18,9,4,17,15,1,16,15,1,9,15,15,6,6,6,6,7,3,1,10,9,6,13,12,18,2,6,16,15,20,12,1,20,2,2,13,6,19,9,17,10,13,6,6,12,14,2,8,18,13,8,2,15,7,16,2,6,3,6,5,2,16,15,13,12,11,2,17,2
5025,61271,968951,17156855,58356,712477,11260297,869042,10590445,14567994,5025,-307825504,18857023289094,-1155158773033509550,-293180544,17959890293425,-1100201462027670705,17105439271970,-1047858799120441593,-998006388718961214,3.071250731769495e+27,3.524441041235089e+29,1.8567467021208794e+35,-2.370776433186429e+39,3.524441041235089e+29,9.220461561967348e+33,-1.7310821141896056e+38,1.8567467021208794e+35,-1.7310821141896056e+38,-2.3707764331864294e+39,44,19,25,30,14,30,16,34,25,47,15,17,22,13,31,31,33,36,8,13,0,11,4,1,1,18,1,1,13,15,13,15,10,10,10,10,18,10,1,1,1,1,1,1,1,1,1,10,10,13,6,1,17,1,10,14,2,5,2,7,10,2,17,9,3,12,5,17,2,18,17,3,6,10,2,5,18,16,18,17,4,17,17,3,9,18,8,7,12,16,11,2,8,1,4,8,3,10,8,13,15,3,15,13,5,18,2,1,13,16,16,9,17,6,16,18,17,17,17,20,2,2,12
12468,236408,5882648,164649074,241245,4572804,113740236,6140133,116299688,174893343,12468,-2947298536,696709069438872,-164694387923321870158,-3007601415,710964007642164,-168064098739086103788,725510610351783,-171502755833601107536,-175011769902745986537,4.057125529584467e+48,-7.846376149638464e+50,3.0599941167951346e+57,-1.6587159128380295e+62,-7.846376149638464e+50,1.5958561741529906e+56,-1.2585747619830717e+61,3.0599941167951346e+57,-1.2585747619830717e+61,-1.6587159128380295e+62,129,9,43,66,22,381,15,32,50,61,10,41,232,33,72,52,42,55,5,16,0,11,10,16,5,18,3,17,15,17,10,10,10,10,1,18,17,10,2,10,1,17,2,14,16,10,14,4,4,17,18,15,9,6,13,1,6,3,15,6,13,15,6,4,15,6,13,13,6,13,13,6,15,3,6,4,3,6,13,17,6,13,13,6,13,13,6,13,13,6,13,13,6,10,6,6,12,5,1,1,14,20,3,6,9,6,18,6,10,6,13,6,13,11,6,10,11,6,13,15,6,13,13
5461,67386,1097332,20094078,66837,829574,13517914,1059655,13170084,18788259,5461,-367927560,24788626782496,-1670100560967101226,-364930020,24586671279212,-1656494061723080714,24386361621826,-1642998449428304994,-1629612820132480320,8.010555341465423e+28,6.771594389882007e+30,6.183232708708149e+36,-9.237097013310022e+40,6.771594389882007e+30,3.1734081879508862e+35,-6.880354031906382e+39,6.183232708708149e+36,-6.880354031906382e+39,-9.237097013310022e+40,40,11,30,41,15,46,14,35,37,51,13,13,32,24,28,33,34,38,8,8,0,11,13,16,4,17,13,14,1,4,18,6,13,17,6,2,13,7,15,16,6,13,7,16,1,9,6,16,10,4,9,6,16,13,4,3,9,4,1,9,4,13,10,19,8,15,13,3,1,13,16,15,2,17,19,14,10,6,15,13,1,16,4,16,13,7,7,7,17,1,13,1,9,16,13,9,8,10,13,3,8,10,9,9,8,6,3,17,13,11,18,15,8,12,9,8,6,9,9,5,6,10,9
25090,620729,20398283,755641667,617681,15338428,504268932,20030925,497092008,730667309,25090,-15573469881,9666519101670091,-6000049591111762210797,-15496998609,9619053052394940,-5970587209016615589742,9571820088018893,-5941269503741644464156,-5912095764812946317433,3.608197554863954e+68,1.2473239438909956e+71,1.0753963194812024e+78,-1.1483662310628486e+83,1.2473239438909956e+71,5.405392370555512e+76,-7.81981702371551e+81,1.0753963194812024e+78,-7.81981702371551e+81,-1.1483662310628486e+83,110,26,121,148,109,129,75,110,158,222,61,125,128,110,104,219,155,125,37,79,0,11,14,8,4,10,16,17,2,5,5,10,2,10,10,15,5,2,5,16,1,17,15,15,20,20,10,6,1,18,4,10,16,19,3,20,11,14,16,3,10,6,4,10,13,18,3,1,15,5,13,13,15,18,13,9,16,5,13,5,12,17,16,18,18,20,9,9,17,10,5,18,4,5,17,3,7,10,5,12,8,1,9,13,15,13,13,19,11,6,10,10,6,13,17,8,14,1,4,18,20,3,17
4641,53338,808346,13799512,52152,598813,9033657,756006,8634955,12264972,4641,-247488320,13197687878262,-703786618738646468,-241985280,12904229780077,-688137512669152667,12617297247462,-672836392683659201,-657875520260087268,1.2332835514723983e+26,9.252954633866884e+27,6.05069832856524e+33,-6.99926097446955e+37,9.252954633866902e+27,3.102632826650566e+32,-5.306181465530361e+36,6.05069832856524e+33,-5.306181465530361e+36,-6.99926097446955e+37,22,24,19,43,21,36,10,25,28,28,6,32,15,14,20,27,31,37,7,16,0,11,14,15,18,12,11,8,11,1,4,16,13,6,10,8,17,8,2,10,10,6,20,10,10,16,1,4,2,17,18,5,10,3,7,4,12,1,12,9,8,10,12,15,13,9,15,20,12,16,6,9,10,4,4,5,18,14,6,12,10,4,15,4,2,11,4,4,9,2,16,5,4,4,1,15,4,18,5,4,12,17,4,15,17,17,4,5,19,9,14,20,18,3,6,3,14,2,4,16,12,13,2
28063,763002,27553144,1122745464,748020,20262692,729650766,26171258,708247938,1028077020,28063,-21411362124,16336329978837388,-12464208290117946773880,-20990937240,16015556375501132,-12219466105351822331682,15701081366515658,-11979529589626936536258,-11744304380370125630460,1.5315701601212647e+77,1.3370680424599882e+80,7.268958797118234e+86,-9.596144233196285e+91,1.3370680424599888e+80,3.56296496551021e+85,-6.114787963960032e+90,7.268958797118234e+86,-6.114787963960033e+90,-9.596144233196285e+91,153,234,157,182,88,206,69,95,108,228,56,98,176,133,142,207,152,225,26,78,0,11,8,13,1,15,5,1,6,18,10,10,1,10,1,10,8,10,13,6,17,10,2,1,4,6,17,15,6,15,16,16,17,1,15,2,16,10,5,6,16,3,5,18,12,17,5,3,6,16,11,20,16,5,1,6,20,2,16,20,10,10,1,6,6,2,14,9,15,16,5,16,8,8,6,3,5,14,12,6,9,15,18,16,10,16,18,20,10,6,4,5,5,3,8,7,10,5,18,12,6,17,18
6474,84201,1432471,27392877,84303,1094748,18536474,1442723,18735000,27726045,6474,-545033073,45885241403743,-3862986483682980207,-545693319,45940825850964,-3867665998281332848,45996478318571,-3872351239310229450,-3877042213846832979,2.3741226552209842e+30,-7.145435022719574e+29,2.366733566152108e+38,-4.32257270843224e+42,-7.145435022718313e+29,1.2801717952048244e+37,-3.4622646237487392e+41,2.366733566152108e+38,-3.462264623748739e+41,-4.32257270843224e+42,30,36,28,31,29,43,22,38,41,46,6,21,24,27,29,51,53,38,10,22,0,11,8,5,10,20,14,18,18,7,5,8,10,5,17,16,18,16,6,4,2,18,17,14,10,10,9,3,17,2,5,4,6,6,3,8,17,17,18,5,17,13,16,1,9,20,2,14,18,18,2,17,20,7,13,15,2,10,10,5,17,5,17,1,4,16,13,16,4,3,13,17,15,19,5,17,2,18,10,9,3,16,18,17,4,17,10,13,15,18,12,15,17,1,1,8,16,6,20,16,5,9,14
1321,8715,74377,719523,7980,50967,429431,62448,383915,551046,1321,-11503800,100179740152,-872405816170392,-10533600,91730829267,-798829123562839,83994510048,-731457993431725,-669769016710074,194476850416949.62,2.2716933671971904e+16,5.181283476195052e+20,-8.106325199037432e+23,2.27169336719719e+16,3.121689653071272e+19,-5.221940104871518e+22,5.181283476195052e+20,-5.221940104871518e+22,-8.106325199037432e+23,11,2,12,15,5,10,7,7,6,17,7,7,7,6,4,9,5,4,1,4,0,11,17,11,15,16,10,10,15,17,13,5,10,2,6,10,10,19,1,5,2,1,13,6,1,15,1,4,4,13,1,1,16,5,16,14,13,6,16,11,6,10,3,9,12,17,18,7,3,14,4,7,8,11,4,7,10,4,6,18,8,12,9,13,4,1,4,11,16,13,14,4,10,14,10,7,20,5,9,11,7,3,20,3,6,12,12,10,10,3,6,10,4,10,16,17,1,8,17,7,18,7,9
20279,462434,13951362,473769458,460460,10464388,315582248,13786558,312297504,464646734,20279,-9377236652,4336139222677974,-2005079328909329566970,-9337207880,4317629466884668,-1996520208989364162816,4299198730799758,-1987997628680887356028,-1979511431979803579306,5.73512878660002e+61,1.357480701159471e+64,1.1158786919690768e+71,-9.610260770990706e+75,1.357480701159471e+64,5.672834362936004e+69,-6.686184256121824e+74,1.1158786919690764e+71,-6.686184256121824e+74,-9.610260770990705e+75,112,38,103,140,142,107,19,144,132,202,71,99,74,57,84,159,100,134,28,60,0,11,1,14,16,18,10,18,13,13,6,13,3,16,5,15,5,5,17,15,4,16,10,1,1,8,4,14,15,8,1,4,4,9,1,9,15,13,9,14,4,15,9,3,4,3,3,4,12,6,13,9,13,12,16,3,10,4,1,6,9,16,10,13,5,8,20,6,3,8,13,13,4,11,18,16,18,13,10,4,3,10,3,13,20,20,8,12,9,9,17,5,8,18,10,12,9,6,9,1,8,16,15
9041,141267,2880281,65900505,135462,2110065,43158197,2649896,41051567,58297986,9041,-1277053680,180385588727552,-25479712600631218770,-1224576480,172973111399871,-24432689887178817019,165865231830212,-23428692033711583549,-22465951030652872734,5.669716225378294e+37,1.2711863585326627e+40,1.3522089349171003e+46,-3.703833019705318e+50,1.2711863585326625e+40,6.8812308189239654e+44,-2.577914494262777e+49,1.3522089349171003e+46,-2.577914494262777e+49,-3.7038330197053177e+50,68,20,39,46,36,76,15,38,49,72,14,18,69,31,65,86,35,54,13,28,0,11,18,14,9,16,15,12,6,6,18,20,13,6,13,16,6,4,9,9,10,9,18,6,5,18,6,10,3,13,6,1,13,3,16,17,15,3,6,1,10,10,8,1,6,16,4,1,13,9,15,6,16,8,10,16,9,13,15,1,6,6,1,6,1,6,9,13,13,9,15,12,1,5,20,15,9,10,14,12,5,10,20,12,18,10,4,15,13,15,6,19,1,5,8,20,7,1,20,18,5,10,10
10524,168057,3510459,82418229,172015,2747185,57360035,3628009,58029717,85629463,10524,-1768463811,297174483040437,-49937506816217037813,-1810113845,304173396871495,-51113611377160592875,311337147515459,-52317415279561586171,-53549570898533883317,2.0459140584363562e+39,-2.9636059954998443e+41,6.207735842014853e+47,-2.0446789567807933e+52,-2.9636059954998443e+41,3.093174149995703e+46,-1.570027569556341e+51,6.207735842014853e+47,-1.570027569556341e+51,-2.0446789567807933e+52,43,6,37,63,27,53,38,29,68,93,17,55,74,45,63,130,51,36,6,26,0,11,9,8,13,12,8,6,12,18,11,12,9,5,4,8,10,6,18,18,6,4,6,1,20,6,18,18,10,9,2,15,7,9,4,17,7,4,8,18,1,8,9,9,5,9,3,16,4,4,12,4,4,18,9,4,17,17,10,15,4,10,9,11,10,15,17,10,9,14,4,12,8,18,4,10,9,4,1,5,15,15,15,6,9,10,20,10,18,5,4,20,18,4,9,12,11,10,4,10,10,4,4
4954,62328,1032370,19182744,60853,760569,12566527,984255,12172685,17787163,4954,-308710584,19237429532338,-1198788506021583288,-301404909,18782173082937,-1170418993636261899,18337690824023,-1142720880188849821,-1115678275495953009,7.266854268745585e+28,5.17311908609035e+30,5.71774545979832e+36,-8.879894216604678e+40,5.17311908609035e+30,3.1074120164758693e+35,-6.839664163738994e+39,5.71774545979832e+36,-6.839664163738994e+39,-8.879894216604676e+40,107,7,24,50,14,46,10,7,20,57,4,4,61,16,35,43,29,16,4,8,0,11,16,12,14,20,14,4,4,6,2,16,4,15,13,4,2,9,16,9,16,13,17,10,10,16,16,20,2,8,3,16,8,10,6,15,15,16,13,2,9,11,15,10,10,6,1,1,14,16,10,13,1,13,10,17,16,15,1,3,13,4,9,1,18,14,6,16,13,9,16,16,16,1,13,5,4,1,4,10,7,10,13,13,9,10,15,15,10,20,6,13,6,6,6,15,10,10,14,6,1,1,1
2234,17255,176831,2060837,17466,132401,1335285,174096,1299163,1946760,2234,-38530415,664544752631,-11461588389168503,-39001578,672670984961,-11601742977329621,680896674288,-11743612908325229,-11887219194538224,6.906651749024054e+16,2.186308101221249e+18,4.622697295778749e+23,-1.707399652438038e+27,2.186308101221249e+18,2.4665449464866403e+22,-1.5173627751942555e+26,4.622697295778749e+23,-1.5173627751942554e+26,-1.707399652438038e+27,17,7,7,26,8,11,4,14,11,16,6,10,0,5,10,14,16,23,3,10,0,11,6,15,10,10,1,10,18,18,6,1,1,10,18,16,16,1,2,6,6,2,18,4,18,3,16,4,17,4,1,18,20,6,11,17,5,9,8,10,2,8,16,2,9,15,15,16,4,17,12,1,4,17,5,17,4,19,17,5,15,14,9,6,17,4,4,5,18,9,8,10,15,20,4,12,4,18,10,14,10,4,4,3,4,15,5,4,6,15,18,18,19,12,6,16,15,6,17,9,3,10,14
4295,47217,682795,11105589,45088,488521,6982475,612640,6547103,9328468,4295,-202749798,9571008449872,-451809102736796352,-193607872,9139454460649,-431437153893665543,8727359417632,-411983784919364289,-393407576012166316,5.187903129785844e+24,6.66979653532055e+26,1.939084170645352e+32,-1.8659683698555702e+36,6.66979653532055e+26,1.0092658381656668e+31,-1.3592182096109578e+35,1.939084170645352e+32,-1.3592182096109578e+35,-1.8659683698555702e+36,37,8,20,27,17,25,14,10,18,41,10,19,17,14,27,27,33,27,10,13,0,11,1,1,10,15,20,1,6,10,3,3,17,3,16,4,3,4,10,13,13,6,19,4,4,15,17,17,9,3,6,19,18,20,20,1,12,7,17,4,4,9,17,14,19,4,7,13,9,17,6,9,15,9,15,18,1,6,3,10,13,20,6,19,4,14,4,17,3,4,12,6,14,18,5,5,18,3,7,8,12,9,15,17,17,20,10,3,13,15,10,1,5,17,18,3,3,12,13,17,9,13,17
5128,60708,943814,16549194,61202,714959,11034711,952020,11032751,16613924,5128,-311249916,18891675383078,-1146652206751055742,-313782654,19045402622975,-1155982845991287661,19200381257324,-1165389439839352845,-1174872606823811196,3.1342037318435745e+27,7.715078146380726e+28,2.0019523508798184e+35,-2.8071337092558963e+39,7.7150781463807806e+28,1.0632533620607297e+34,-2.2363864536699485e+38,2.0019523508798184e+35,-2.2363864536699485e+38,-2.8071337092558963e+39,27,10,43,41,26,22,13,32,35,42,16,24,20,34,34,25,12,29,12,19,0,11,17,10,10,8,17,6,3,16,8,18,16,1,4,1,18,19,3,7,18,17,11,1,12,15,4,10,1,5,9,1,6,3,18,8,9,18,10,3,1,16,12,9,3,19,19,19,6,14,8,3,3,4,4,6,19,5,13,1,16,5,18,15,10,19,18,12,14,4,3,4,18,4,4,6,13,16,3,18,14,12,6,7,10,3,13,12,16,3,2,10,2,10,6,15,13,10,14,12,15,3,14
5123,59011,883897,14872261,58023,663383,9927989,863859,9824745,14545695,5123,-302254342,17832849561538,-1052128895885920060,-297193806,17534280353996,-1034513455009105028,17240710400868,-1017192967962175602,-1000162495614341616,1.361368591724434e+26,7.050864069910024e+27,6.868072418992952e+33,-8.562249040838944e+37,7.050864069910041e+27,3.768340471180254e+32,-6.96322144128556e+36,6.868072418992952e+33,-6.963221441285561e+36,-8.562249040838944e+37,28,12,19,25,21,31,19,37,18,50,9,22,21,9,32,36,33,42,3,17,0,11,1,2,15,6,6,1,6,12,6,7,15,1,16,1,17,10,16,15,18,16,13,6,16,10,20,17,2,15,17,15,17,7,12,8,2,11,18,16,3,5,5,20,13,12,11,6,6,18,4,16,7,8,20,14,10,16,14,2,10,8,4,15,6,7,9,18,8,8,18,17,7,1,20,6,12,15,9,6,8,15,20,10,17,16,6,10,9,18,20,20,10,13,10,9,18,11,20,12,14,16,17
2659,22725,255829,3280923,22559,193910,2198548,244171,2078924,2935565,2659,-60403050,1372143141454,-31170228741361152,-59961822,1362119945585,-30942535893397363,1352170078188,-30716508828344031,-30492135340991826,2.2359991334727647e+19,2.1592091523199066e+21,2.7185724127943485e+26,-1.2912193271755253e+30,2.1592091523199056e+21,1.402901813980851e+25,-9.421935801146776e+28,2.718572412794348e+26,-9.421935801146776e+28,-1.2912193271755253e+30,16,6,12,24,14,21,6,4,14,23,7,6,19,11,21,16,11,14,7,9,0,11,17,2,19,10,15,6,18,17,1,17,5,6,15,13,1,4,19,13,6,20,10,16,7,10,2,6,15,16,1,1,11,3,10,6,13,11,15,9,16,20,15,6,3,15,4,1,5,4,4,17,7,10,17,16,10,3,13,18,9,14,5,1,1,19,5,4,4,1,18,14,2,13,3,8,6,4,1,12,1,11,2,10,1,17,2,17,15,3,6,9,13,16,1,15,11,10,10,10,9,6,5
1840,13954,134838,1460092,13571,100167,949799,129417,941415,1386047,1840,-25661406,357884680046,-4991209546186032,-24957069,348061671259,-4854213322146867,338508340775,-4720978168305535,-4591400805139281,3792372192839226.5,8.086551823669355e+16,1.8110228846986712e+22,-5.714802572391175e+25,8.086551823669355e+16,1.0370459918239945e+21,-5.460822246131996e+24,1.8110228846986712e+22,-5.460822246131996e+24,-5.714802572391175e+25,17,7,9,15,11,17,2,7,13,21,2,3,13,13,8,8,7,13,2,6,0,11,1,1,16,10,18,6,9,9,8,18,5,18,17,6,12,1,9,9,10,4,4,18,18,14,8,10,6,3,9,5,13,2,17,10,18,1,14,9,8,3,10,13,4,20,14,6,4,13,3,4,8,16,8,14,9,2,14,4,1,18,15,14,18,14,6,13,18,10,18,4,3,17,2,10,2,5,12,1,10,6,6,10,13,6,13,20,8,9,19,5,10,4,9,10,9,13,4,6,10,7,14
11588,213565,5206791,142975015,203349,3772426,92440734,4704333,87542346,122569767,11588,-2474577655,528437572087641,-112846031605110577855,-2356204863,503159467109836,-107447978707907691830,479090556574719,-102308145162053889672,-97414178854990469049,1.019127249798932e+47,5.448656199580382e+49,6.026502774502529e+55,-2.6346767528999204e+60,5.448656199580382e+49,3.088926060933891e+54,-1.7054309723641345e+59,6.026502774502529e+55,-1.705430972364135e+59,-2.6346767528999197e+60,87,11,66,166,37,52,19,74,156,104,30,56,27,84,77,61,39,55,2,30,0,11,6,5,10,9,10,8,4,8,4,12,5,9,16,20,9,6,15,14,8,8,6,13,5,14,15,5,17,1,8,8,6,13,12,6,16,6,9,16,12,10,11,3,1,8,16,5,18,10,6,4,9,17,16,12,10,15,18,9,17,10,15,3,10,8,7,6,1,13,18,6,9,13,1,1,12,15,1,5,18,16,11,18,20,16,4,4,6,1,4,3,15,17,5,1,15,18,8,18,6,6,16
10079,165082,3555948,86272018,166777,2714753,58168559,3624261,58814539,88763737,10079,-1663696396,274619079933696,-45330169301895215158,-1680778606,277438764669731,-45795602172425530177,280287402629394,-46265814221853689153,-46740854526958293562,6.270092830096548e+40,-8.95446583999379e+41,2.2058592319125805e+49,-7.919004059016032e+53,-8.954465839993443e+41,1.1526702505843666e+48,-6.036522954373764e+52,2.2058592319125805e+49,-6.036522954373764e+52,-7.919004059016032e+53,81,23,55,68,43,79,12,76,56,96,30,39,42,38,50,62,63,74,11,22,0,11,6,15,6,1,6,15,4,20,16,13,1,1,17,17,1,4,12,6,6,6,9,9,9,14,9,4,9,4,10,3,4,10,9,9,4,18,1,11,3,3,7,9,10,16,10,3,4,10,6,15,9,20,14,18,3,10,16,9,6,10,17,12,14,15,1,14,3,18,10,1,15,3,6,13,12,1,10,17,13,13,13,17,17,13,4,19,18,9,5,2,15,14,10,5,6,6,5,16,8,10,10
5012,57260,859966,14563034,54442,612597,9107307,769282,8562571,12211096,5012,-286929860,16426325935966,-940383782764980446,-272808862,15617918701797,-894103607352202905,14849296902922,-850101092644860257,-808264143387850828,1.3318718293427422e+26,2.3065134533443447e+28,6.254084571484322e+33,-6.78695208891539e+37,2.3065134533443447e+28,3.280494342900363e+32,-4.785524956499349e+36,6.254084571484322e+33,-4.785524956499349e+36,-6.78695208891539e+37,29,5,23,21,23,22,8,20,30,44,13,17,29,10,26,29,44,35,9,19,0,11,15,9,16,13,6,10,16,3,2,10,19,1,19,8,10,10,10,16,17,10,17,6,15,16,20,6,14,13,16,10,14,3,4,10,9,3,12,17,17,18,5,17,15,8,10,3,15,10,10,3,6,20,3,12,15,10,15,13,6,10,6,4,15,18,17,4,18,9,17,3,8,5,18,17,16,5,6,13,18,16,3,7,3,11,4,20,17,8,3,18,5,5,15,14,16,19,9,3,4,15,10
7193,96552,1702414,33779556,93020,1249419,22023169,1583322,21184663,30592694,7193,-694401984,67036579772878,-6471616093321141548,-668999840,64584292534059,-6234875732423648887,62221713979722,-6006795723130783841,-5787059252872764626,6.858258738556013e+31,1.3617411386428122e+34,7.820975447514707e+39,-1.4612768074729532e+44,1.3617411386428113e+34,4.162844907551047e+38,-1.067435744693013e+43,7.820975447514708e+39,-1.067435744693013e+43,-1.4612768074729536e+44,38,4,40,28,10,65,30,15,25,51,22,36,58,29,36,107,29,23,3,18,0,11,7,7,14,14,15,11,1,1,10,6,17,3,9,4,10,16,3,10,10,3,5,16,1,11,5,16,13,13,18,16,16,6,9,12,6,13,17,16,10,1,16,6,7,5,17,6,16,12,18,4,3,15,16,16,16,6,16,19,6,12,6,6,7,13,16,13,16,15,12,20,6,3,6,17,13,20,3,7,11,17,16,15,3,10,6,16,7,3,12,10,16,13,13,5,18,12,16,15,8,14,16
16907,356380,9851158,305777410,352733,7464983,206058939,9576227,203025819,291004991,16907,-6024960280,2147048347733158,-765119834537034374710,-5963304098,2125076614923683,-757290010705632119755,2103329733406772,-749540314655110862799,-741869926368515442830,1.3371503919068055e+55,1.345897467612285e+57,1.6216686337511265e+64,-1.0749355224404789e+69,1.345897467612285e+57,7.964027804517412e+62,-7.443138383497621e+67,1.6216686337511265e+64,-7.443138383497623e+67,-1.0749355224404789e+69,155,17,70,103,41,92,51,42,73,182,37,33,212,108,86,121,59,101,9,44,0,11,4,1,18,13,15,11,13,11,8,19,10,3,10,9,4,1,6,3,5,7,5,14,13,1,18,9,9,5,18,10,9,12,20,6,4,12,13,4,1,20,12,4,4,10,9,9,10,4,10,10,15,14,12,1,18,15,18,13,15,3,5,4,6,2,16,18,10,15,9,20,10,6,14,10,7,20,10,14,16,15,18,13,11,6,16,6,14,4,1,1,18,13,18,17,19,17,4,8,5,16,6
7063,96551,1741329,35507501,92156,1244064,22298756,1585364,21092758,30736922,7063,-681843162,65823318779990,-6354407530093047396,-650805672,62827041927380,-6065154918655500456,59967156365860,-5789069162141410934,-5525550898350534390,1.818263311137742e+33,6.317625833999079e+35,2.418412612455767e+41,-4.648182474388638e+45,6.317625833999079e+35,1.2828786405034474e+40,-3.050140881077592e+44,2.418412612455767e+41,-3.0501408810775916e+44,-4.648182474388638e+45,41,9,40,39,35,52,13,28,35,82,10,20,42,31,56,47,43,35,12,14,0,11,19,18,10,10,15,16,6,20,13,10,15,8,10,10,13,10,15,6,4,19,11,6,15,15,6,10,13,15,12,10,1,13,6,13,13,15,15,15,20,15,9,4,17,10,14,1,10,3,11,13,18,10,13,18,17,1,17,4,8,15,14,20,10,15,6,7,6,8,13,5,14,3,6,7,16,2,10,15,1,10,16,13,5,1,4,16,16,14,10,9,6,14,17,6,18,17,17,16,5,16,10
3156,30031,367821,5067439,29669,286555,3544475,361595,3508961,4959497,3156,-94747805,2844469838815,-85395212029930937,-93605695,2810181923361,-84365835542472261,2776307476989,-83348872066981897,-82344171861925945,4.777083067857105e+20,1.183267544163033e+22,8.52832839367462e+27,-5.862432954922279e+31,1.1832675441630329e+22,4.646761963142703e+26,-5.039000122485284e+30,8.52832839367462e+27,-5.039000122485284e+30,-5.862432954922279e+31,40,8,12,10,12,30,2,17,16,41,6,9,16,22,18,17,16,22,0,9,0,11,1,3,9,14,8,16,10,13,1,9,10,8,12,6,6,8,1,6,10,8,6,18,17,2,18,5,13,8,3,10,1,9,17,15,10,14,12,14,14,12,6,14,15,18,20,17,16,11,16,3,2,10,8,9,17,18,15,16,4,6,20,5,6,11,20,15,6,1,1,18,12,10,17,10,18,17,13,4,9,1,8,9,10,1,1,12,3,5,5,15,7,14,10,16,9,3,6,14,9,10,17
5323,63466,988864,17351548,62357,738136,11422342,964143,11197196,16841285,5323,-337766052,21432633311940,-1359987994471039044,-331863954,21058120893338,-1336223639286490298,20690153148272,-1312874570847360426,-1289933531417072628,3.253386596061495e+27,2.808274434850333e+29,2.0415160785932243e+35,-2.8369649455251115e+39,2.808274434850333e+29,1.1234007287280038e+34,-2.2384081831721775e+38,2.0415160785932243e+35,-2.2384081831721775e+38,-2.8369649455251115e+39,41,12,21,28,16,55,17,16,17,69,10,13,33,15,35,33,27,44,6,13,0,11,10,13,15,15,13,10,1,19,13,1,19,10,10,15,6,1,13,6,1,1,6,16,19,6,15,13,18,6,13,10,1,15,15,6,2,2,16,1,13,6,17,13,4,18,13,10,17,15,4,15,20,13,18,15,15,10,13,5,16,17,18,16,9,14,3,10,1,1,5,4,15,8,18,13,6,6,18,18,17,3,13,4,1,10,14,1,13,12,18,3,19,10,15,17,10,15,6,2,16,9,18
5218,62255,968175,16957397,58455,683312,10497658,857933,9871802,14199063,5218,-324784335,20215574058575,-1258279402775867103,-304959735,18981629869712,-1181474913494544712,17823005180333,-1109358542850523658,-1041644128126567107,3.1892112076364616e+27,7.328312374495008e+29,1.8603809066872004e+35,-2.268607290588624e+39,7.328312374495008e+29,9.911693953104381e+33,-1.5549933900299732e+38,1.8603809066872004e+35,-1.554993390029973e+38,-2.268607290588624e+39,32,12,27,21,29,25,2,29,39,53,9,25,27,16,22,36,27,38,8,20,0,11,9,5,10,10,17,17,1,5,10,8,10,8,16,10,19,18,4,4,1,20,16,9,4,9,16,16,9,9,6,9,6,9,9,9,14,20,10,2,13,16,14,14,16,1,4,3,10,1,15,18,13,1,12,16,17,16,12,8,10,12,15,10,10,18,16,20,3,13,15,8,15,13,12,5,9,6,8,13,18,3,18,18,18,12,8,5,8,12,16,5,6,16,8,14,4,17,17,11,3,20,15
5296,62889,982309,17326377,61971,738021,11536573,949459,11330049,16399605,5296,-332997255,20937910325683,-1316515638357111843,-328136445,20632276333407,-1297298236672031267,20331104177713,-1278361382872615941,-1259700980930098485,3.236884353323629e+27,2.9133915962374e+29,2.014098499932993e+35,-2.7384086534395655e+39,2.9133915962374e+29,1.0787581018921365e+34,-2.119155056074638e+38,2.014098499932993e+35,-2.119155056074638e+38,-2.7384086534395655e+39,49,6,29,29,15,45,22,18,28,49,15,27,25,15,21,31,35,39,5,21,0,11,8,16,13,5,10,18,10,1,8,6,17,2,10,17,12,16,10,18,13,4,9,4,9,3,13,9,20,19,15,3,14,1,14,4,17,10,9,20,1,10,4,10,14,9,10,12,17,12,18,1,9,12,18,8,11,5,10,6,3,6,11,6,18,16,17,18,17,1,1,15,8,10,9,6,14,10,7,7,12,13,6,4,4,17,15,10,4,11,3,9,5,13,5,18,1,10,16,9,17,20,12
12692,229686,5528360,150380292,223492,4006089,96055333,5218874,92730041,137391772,12692,-2914945026,669469313111600,-153755613954574086372,-2836336972,651415564773369,-149609247098475830743,633848679091034,-145574696985117126955,-141648948190965243484,1.1162204914090463e+47,5.593102069749318e+49,6.664765779219657e+55,-2.9724063017803495e+60,5.593102069749316e+49,3.485172601749607e+54,-1.9724770459428642e+59,6.664765779219657e+55,-1.9724770459428644e+59,-2.9724063017803488e+60,77,35,68,57,64,79,29,76,62,127,35,66,47,39,58,129,59,77,17,35,0,11,1,12,6,6,6,6,6,6,6,16,16,6,6,6,6,6,6,6,6,16,16,10,15,11,16,16,12,8,7,1,12,7,10,16,10,3,1,16,16,16,16,16,16,16,16,16,16,16,16,16,16,16,16,16,16,16,16,16,16,18,7,4,13,9,11,3,1,10,8,8,13,18,17,11,4,18,13,2,3,16,15,6,14,15,11,19,19,1,5,10,1,16,16,11,18,17,5,5,6,6,10
6957,94874,1690958,33752246,92652,1250856,22229294,1606122,21480786,31233402,6957,-659943544,62602484408538,-5938494458525120926,-644487312,61136300223696,-5799411655062994618,59704455644442,-5663586320866580850,-5530942160768566062,6.633241490912564e+31,4.5290057012421597e+33,7.833433208342368e+39,-1.5079458084419756e+44,4.5290057012421597e+33,4.04990168247036e+38,-1.1352854379099812e+43,7.833433208342372e+39,-1.1352854379099815e+43,-1.5079458084419756e+44,64,6,33,23,26,44,23,10,13,82,7,20,61,28,53,42,33,48,16,21,0,11,15,13,10,15,13,15,1,1,10,10,1,10,10,1,16,10,10,1,1,13,13,18,1,13,1,4,1,13,7,10,18,7,18,3,1,1,15,1,10,19,13,10,15,15,5,19,15,16,17,6,5,2,13,13,10,13,7,16,14,1,3,14,20,18,10,16,19,3,14,14,10,12,10,1,20,18,6,1,18,13,7,15,6,8,9,14,18,15,17,7,19,10,10,4,10,18,17,17,15,6,16
5839,73712,1209708,22220948,68670,868716,14262280,1063114,13449794,18576228,5839,-430330656,31715101065836,-2337383196956994348,-400895460,29545745213196,-2177503002620598944,27524776732414,-2028558867780949614,-1889802746088006912,8.565030697457713e+28,1.9489425394107674e+31,6.312211234127383e+36,-8.951526148858344e+40,1.9489425394107674e+31,3.3939357924841076e+35,-6.275542383071177e+39,6.312211234127383e+36,-6.275542383071177e+39,-8.95152614885834e+40,31,7,39,25,28,33,15,22,19,61,9,22,52,24,26,45,24,34,8,26,0,11,13,13,13,15,17,6,15,6,10,10,19,10,6,10,18,10,16,16,18,2,18,1,10,6,16,4,17,14,1,12,16,17,17,3,1,10,12,18,10,10,8,8,18,3,3,10,15,13,16,10,6,2,20,6,3,9,10,18,15,16,13,12,8,3,14,10,1,16,7,16,10,10,5,14,12,1,5,1,14,14,1,18,2,1,13,16,15,18,16,5,10,17,6,15,15,13,3,17,17,15,10
5239,61959,956727,16686651,62447,732128,11209614,971717,11244566,17004047,5239,-324541242,20104412852124,-1245411578943163572,-327097386,20262758517629,-1255220631196789911,20422351807450,-1265106970025526585,-1275071204606660478,3.2020462853214645e+27,9.24805296572116e+28,2.0440948746129736e+35,-2.877808593863128e+39,9.248052965721217e+28,1.0911034993070311e+34,-2.3026228484649514e+38,2.0440948746129736e+35,-2.3026228484649514e+38,-2.8778085938631287e+39,46,8,24,25,25,46,19,20,17,59,11,23,41,24,25,27,28,23,15,16,0,11,1,1,18,18,1,1,17,15,19,19,14,10,10,10,18,10,16,1,1,6,11,6,1,16,6,1,13,14,13,13,12,8,10,10,10,10,11,3,3,11,6,19,6,3,10,6,18,20,6,4,13,16,15,4,17,13,12,10,3,15,11,1,1,4,6,10,10,5,13,12,5,20,16,1,12,13,10,2,16,13,16,15,1,1,10,10,17,6,15,10,13,8,15,12,6,5,20,17,17,12,1
7192,94672,1646986,32368378,93134,1218188,21096434,1572898,20427564,30020576,7192,-680786352,64442444375946,-6100046880747956070,-669726594,63395540143308,-6000948104885998746,62365644236538,-5903459318617681924,-5807554364366144076,6.857305275642265e+31,1.3206830991286291e+34,7.777143631550327e+39,-1.4220400735872184e+44,1.3206830991286291e+34,4.01400518786607e+38,-1.0151098359678524e+43,7.77714363155033e+39,-1.0151098359678526e+43,-1.4220400735872184e+44,38,6,30,37,29,43,18,26,27,65,12,28,37,32,36,42,38,51,19,37,0,11,1,15,6,16,1,18,1,19,1,1,10,6,13,10,10,19,6,2,1,10,6,10,14,6,6,11,10,20,13,14,4,16,13,16,15,4,2,9,4,10,3,6,10,19,16,5,15,1,3,5,16,3,12,15,15,15,6,5,4,4,14,19,20,15,15,13,10,19,4,16,6,13,17,18,3,11,13,18,13,16,16,5,12,3,8,16,14,3,19,15,10,15,7,5,18,6,19,18,19,20,4
5663,71859,1189027,22052991,66470,820117,13396803,1015822,12301381,17432276,5663,-406865658,29231796791368,-2100196797033949728,-376353140,27039584639647,-1942694418379799093,25011775970722,-1797003826684151697,-1662239201997812744,8.306862277736444e+28,1.9472647504468708e+31,6.049664817910265e+36,-8.274967959065775e+40,1.9472647504468708e+31,3.1344783975175117e+35,-5.560081225299799e+39,6.049664817910265e+36,-5.560081225299799e+39,-8.274967959065775e+40,30,9,29,21,18,45,20,19,23,67,8,21,49,15,31,35,29,28,14,22,0,11,6,13,15,6,1,1,16,10,13,15,6,13,6,13,15,15,10,10,10,13,18,18,10,13,10,10,10,10,10,10,10,1,13,13,6,16,6,1,6,1,16,15,13,13,7,10,18,5,10,10,1,3,3,10,6,19,12,3,18,6,5,7,6,16,15,8,15,17,13,7,10,3,1,10,1,1,6,6,18,10,10,3,12,20,20,17,14,13,10,2,17,13,16,15,16,14,10,10,17,6,15
7601,110184,2091244,44755266,107022,1530361,28904191,1942494,27480495,39610656,7601,-837398400,92255766882988,-10163772188654942814,-813367200,89608260983113,-9872097718490933561,87036732712410,-9588793669305691773,-9313619825297743452,5.47893733516668e+34,9.081376188426273e+36,9.155882437415266e+42,-2.0475120426902314e+47,9.081376188426273e+36,4.5009846317992696e+41,-1.4306251178593356e+46,9.155882437415266e+42,-1.430625117859336e+46,-2.0475120426902314e+47,95,8,27,40,34,60,14,17,12,87,13,23,44,35,49,48,29,52,26,30,0,11,4,1,18,1,18,1,1,1,18,6,18,10,10,10,1,6,1,6,6,1,1,6,3,4,1,15,4,1,1,1,18,15,1,10,18,1,15,10,10,6,13,6,13,1,1,3,5,16,18,16,18,4,15,1,10,1,1,9,13,6,10,3,17,20,16,10,6,6,6,6,1,1,15,18,15,18,15,6,16,17,6,18,1,1,1,1,6,10,7,15,20,10,15,3,5,2,6,2,7,18,1
7150,99992,1841372,38151650,93898,1318619,24347615,1615930,22641249,31223260,7150,-714842808,71468565498844,-7145285409547996158,-671276802,67112922255387,-6709816797119598921,63022733935722,-6300887846403721931,-5916881091413524584,1.8406601549815723e+33,5.836723867217276e+35,2.4594595012811156e+41,-4.717342680895729e+45,5.836723867217274e+35,1.2789993629076922e+40,-3.0890040390081917e+44,2.4594595012811156e+41,-3.0890040390081917e+44,-4.717342680895729e+45,40,8,40,27,33,54,19,33,30,79,11,29,53,23,28,42,39,39,17,33,0,11,13,6,5,10,18,15,8,10,13,10,10,10,18,10,10,10,10,6,13,17,15,6,10,15,12,1,17,14,15,11,5,4,8,3,20,16,15,3,16,5,10,9,3,6,14,13,5,15,20,8,16,6,16,8,7,20,16,15,18,13,15,5,20,19,9,3,15,10,10,9,11,9,11,1,6,10,12,1,8,14,17,20,18,13,19,12,5,7,4,13,19,13,6,14,20,14,5,16,4,3,7
13025,239684,5807588,158445752,231722,4279301,103634081,5466158,101285415,145074740,13025,-3121644416,748150777592276,-179306004293175713912,-3017947328,723298151587805,-173349684473747834927,699271101119690,-167591226731065654933,-162024058294217680544,1.1455067680903611e+47,4.588141517748572e+49,6.942978586676556e+55,-3.158732787514938e+60,4.58814151774857e+49,3.6378617235800326e+54,-2.147689276411927e+59,6.942978586676558e+55,-2.1476892764119273e+59,-3.158732787514938e+60,57,22,74,81,61,61,40,70,93,127,27,70,64,61,56,89,73,76,16,38,0,11,10,5,9,10,10,14,15,14,17,20,17,2,10,16,7,15,20,6,10,20,18,2,5,10,6,18,18,18,17,8,18,16,1,5,14,5,6,4,18,18,10,4,19,16,15,3,14,20,7,18,10,5,3,16,20,15,3,12,8,1,6,9,16,5,14,12,15,10,2,10,13,11,13,8,3,18,18,20,17,19,18,12,6,17,3,10,4,10,10,9,4,10,14,14,18,15,4,14,11,4,4
6709,92428,1658846,33345892,91355,1242774,22225100,1624871,21776702,32274473,6709,-620007024,57297467937934,-5295101066768467284,-612809340,56632299160354,-5233629973338231694,55974853144546,-5172872573800239826,-5112820581153341892,6.396782688304203e+31,-2.090637250419628e+33,7.83658742818717e+39,-1.5870596581660255e+44,-2.090637250419628e+33,4.142187348720609e+38,-1.2524582358208912e+43,7.83658742818717e+39,-1.2524582358208914e+43,-1.5870596581660253e+44,59,5,36,71,8,42,13,16,40,73,10,21,15,40,64,69,36,31,4,11,0,11,4,17,13,16,14,15,15,1,17,15,16,6,1,14,1,16,16,17,13,10,16,13,17,15,8,17,15,10,14,4,9,4,3,10,14,4,10,12,3,15,10,1,18,20,8,3,15,18,15,16,10,4,17,4,12,1,6,10,15,10,15,8,17,4,16,4,4,18,18,16,15,4,18,16,6,8,9,1,1,20,4,1,4,10,6,3,1,15,9,17,10,3,16,18,1,9,4,15,1,15,10
4744,54245,802165,13312823,51891,590776,8793340,764027,8558964,12726471,4744,-257284035,13953430760715,-756744321629797077,-246119013,13347911623666,-723904849382139690,12768669791729,-692490489952530628,-662439397797992211,1.2606544210698268e+26,1.9326516809018545e+28,6.154787182534977e+33,-7.381168740908437e+37,1.932651680901857e+28,3.6074283346997745e+32,-5.736206395829781e+36,6.154787182534977e+33,-5.736206395829782e+36,-7.381168740908437e+37,44,1,23,57,12,21,6,18,22,49,10,20,10,32,43,36,25,26,1,14,0,11,16,14,1,20,16,16,16,14,15,18,16,16,20,15,15,17,5,6,6,1,13,6,5,13,10,6,16,13,10,16,16,13,18,5,13,15,1,6,5,6,16,9,6,16,16,16,16,18,17,16,15,18,20,14,18,16,15,17,16,6,6,1,6,6,10,6,16,10,15,1,16,15,10,6,17,17,15,17,13,16,16,20,6,1,6,4,10,10,3,5,16,10,1,3,1,18,12,14,4,5,10
2344,21580,250216,3246220,21275,198732,2308758,247463,2316718,3219755,2344,-50561940,1090661219016,-23526430174129620,-49847325,1075246357732,-23193918318619762,1060049461213,-22866108165718922,-22542933203465595,1.97111018009032e+19,-1.569221006260498e+20,2.668124442709934e+26,-1.5747713101815314e+30,-1.5692210062604983e+20,1.4236339920811352e+25,-1.4054194163917075e+29,2.668124442709934e+26,-1.4054194163917075e+29,-1.5747713101815314e+30,36,1,24,56,1,3,2,12,38,33,6,5,0,14,15,15,8,9,0,6,0,11,3,1,8,9,9,9,11,14,11,10,9,10,3,9,4,12,1,10,3,15,1,4,14,1,4,1,3,9,9,1,1,4,3,15,16,9,14,10,4,3,4,10,18,16,10,14,9,9,10,9,6,17,4,3,4,10,3,9,20,16,4,1,10,9,3,1,14,4,9,10,4,10,1,4,9,9,1,17,3,1,4,1,3,18,1,16,10,12,15,15,8,14,10,18,4,4,4,10,3,15,1
1477,10064,89130,889910,10313,68645,599287,92277,600851,925259,1477,-14854464,149394130730,-1502485001643306,-15221988,153090365845,-1539658508423715,156878096552,-1577752192370231,-1616788842386622,217443079535075.38,1504247774742723.0,7.142236385842214e+20,-1.8179272147920873e+24,1504247774742717.8,4.065896272205974e+19,-1.84535145990612e+23,7.142236385842214e+20,-1.84535145990612e+23,-1.8179272147920867e+24,14,0,13,17,14,11,2,9,16,9,7,10,7,6,6,3,10,10,0,2,0,11,1,13,9,9,1,9,9,15,1,6,6,1,12,16,12,18,5,16,11,5,4,14,17,14,8,14,4,5,9,4,1,5,17,8,11,3,14,12,15,3,6,5,8,3,9,12,3,10,15,3,17,5,1,1,10,6,15,18,12,18,9,12,4,4,8,3,4,11,8,9,4,1,13,6,13,8,12,5,17,18,5,10,17,11,5,6,4,9,10,9,6,1,3,13,4,4,17,8,10,12,1
1348,9216,82404,836424,8956,59467,520945,76226,494861,731830,1348,-12413952,114322129380,-1052811504610488,-12063732,111096875083,-1023109411522943,107962650082,-994245633063579,-966196498575858,198451774687394.53,9213070140594868.0,6.029590923429211e+20,-1.3242820654569813e+24,9213070140594868.0,3.3967502025488413e+19,-1.2279974404378044e+23,6.029590923429211e+20,-1.2279974404378044e+23,-1.3242820654569813e+24,7,2,23,23,9,12,0,9,13,13,11,5,2,5,4,5,7,8,0,3,0,11,3,3,8,20,9,1,1,18,4,14,10,17,4,4,14,9,12,4,5,9,1,1,5,3,8,5,18,10,6,1,4,3,6,2,8,16,17,9,4,10,6,9,18,11,15,11,10,6,14,12,13,17,13,4,4,10,14,4,11,8,3,4,18,3,4,3,6,16,6,17,18,3,5,3,4,5,10,18,11,11,18,15,2,11,9,3,3,16,9,6,9,16,4,4,4,10,16,3,10,5,15
37939,1165628,47711554,2201745548,1158924,35569414,1456618696,47190786,1442197688,2164337862,37939,-44221595064,51544570770337362,-60080211323596923626460,-43967258712,51248116999256278,-59734665601495495260960,50953368277898898,-59391107280867942418000,-59049524931043592363394,4.5527661367112663e+89,2.579274474192812e+92,4.145315594947441e+99,-8.001707179957034e+104,2.579274474192812e+92,2.1352550717678676e+98,-5.447932413922733e+103,4.145315594947441e+99,-5.447932413922734e+103,-8.001707179957034e+104,213,36,194,387,81,111,88,171,294,455,80,165,131,307,198,243,200,197,72,62,0,11,10,19,19,4,4,18,4,3,2,20,4,15,4,3,18,14,9,9,17,5,17,9,19,18,12,1,14,5,16,9,5,6,9,14,7,8,4,12,10,5,16,3,10,14,3,6,15,15,10,10,3,10,10,4,6,10,17,6,14,9,10,13,9,4,9,6,16,17,15,18,7,1,10,12,12,18,12,9,1,10,15,18,10,14,12,12,12,18,3,10,18,12,8,6,16,17,3,8,18,3,6
1808,13458,127474,1353930,12402,89162,827344,108630,759750,1067562,1808,-24318606,327098809258,-4399661721862506,-22410414,301432534658,-4054435608965636,277780253454,-3736298892147798,-3443125850018658,3726417893833327.5,3.3113983577653184e+17,1.5746846574108463e+22,-3.771894042020901e+25,3.3113983577653184e+17,8.6119697815193e+20,-2.883672548380202e+24,1.5746846574108463e+22,-2.883672548380202e+24,-3.771894042020901e+25,6,0,11,14,14,8,9,9,10,15,2,2,17,3,14,17,9,11,2,2,0,11,3,8,1,8,7,7,13,19,8,15,15,13,5,5,13,5,7,16,13,16,15,10,5,3,14,5,5,6,4,7,10,10,4,16,3,10,5,13,17,16,17,16,10,16,13,5,20,10,15,13,13,16,5,10,15,1,13,16,19,5,3,17,6,10,16,4,11,15,10,4,9,3,15,5,16,18,12,10,3,18,9,7,5,16,13,4,4,10,9,18,9,18,10,6,3,18,8,4,18,7,6
7634,104297,1901937,39244457,103672,1422895,25964809,1849544,25342153,37173568,7634,-796099001,83019861545025,-8657588367651468473,-791328376,82522364375983,-8605707652938951173,82027849362632,-8554137927963667983,-8502877327990541824,1.965258688549552e+33,3.0850602148666856e+35,2.765243732100678e+41,-5.812190191357599e+45,3.0850602148666856e+35,1.459083539990754e+40,-4.255564711808676e+44,2.765243732100678e+41,-4.255564711808676e+44,-5.812190191357599e+45,88,20,24,30,23,41,16,21,29,43,12,21,98,29,32,81,56,32,6,25,0,11,16,20,16,18,17,10,17,6,13,6,13,19,6,5,15,10,14,6,6,9,3,5,12,11,13,10,17,8,16,15,8,17,13,6,16,9,1,1,14,16,14,10,16,14,6,3,10,18,18,1,8,3,6,18,12,17,3,17,11,17,7,10,4,1,14,12,9,8,9,16,1,16,20,12,10,16,10,17,10,14,9,16,9,15,13,8,13,8,16,17,17,1,13,13,18,14,17,13,10,13,18
4707,53261,794239,13414121,51499,591203,8883997,746375,8633081,12186937,4707,-250646266,13346834833544,-710714767363881040,-242354294,12905289755698,-687202621089427046,12478352386080,-664468331317680132,-642486163475274734,1.2508221669425953e+26,1.9087324784469731e+28,6.02750148709197e+33,-6.95353511537198e+37,1.908732478446974e+28,3.360976637701728e+32,-5.2156833634870025e+36,6.02750148709197e+33,-5.2156833634870025e+36,-6.95353511537198e+37,21,9,25,27,34,26,15,26,40,48,6,18,21,20,18,26,22,28,13,18,0,11,16,15,8,12,9,12,18,18,10,1,10,10,17,10,17,16,16,1,5,10,10,5,14,10,20,20,20,9,7,20,10,16,17,9,12,6,1,6,10,16,9,16,9,6,16,15,8,6,5,3,16,17,14,19,15,1,18,9,9,5,8,11,10,17,16,12,14,12,18,13,18,5,10,8,3,13,10,8,10,4,10,8,12,9,12,5,4,14,18,9,12,17,16,7,6,16,17,16,14,2,9
3838,37699,483823,7004371,38455,379483,4865735,498019,4918033,7242211,3838,-144651063,5451779693259,-205473100759210125,-147551835,5561107292103,-209593563904186889,5672627525919,-213796665488684403,-218084063049567849,1.1037847004888338e+22,1.9023957724492953e+22,2.6491979224045485e+29,-2.1748135097151635e+33,1.9023957724492953e+22,1.419499701845341e+28,-1.8621836081588275e+32,2.6491979224045485e+29,-1.862183608158827e+32,-2.1748135097151635e+33,18,11,10,21,18,28,12,16,16,30,9,14,20,20,22,27,17,31,6,12,0,11,6,3,19,16,5,10,6,12,5,10,4,4,18,7,9,7,16,17,18,18,6,9,18,19,10,17,18,10,5,8,5,15,11,10,18,10,6,17,1,1,4,16,16,19,6,3,4,14,1,3,5,15,2,3,17,8,14,13,6,2,14,12,18,2,20,3,14,1,5,13,8,16,7,8,15,20,19,18,10,14,8,8,5,18,16,17,13,16,10,18,20,11,6,7,1,11,7,17,18,15,11
1769,12747,119543,1265583,13701,98423,923389,132863,954917,1436025,1769,-22536696,287112897446,-3657759940951098,-24223368,308600723672,-3931510095370910,331696780430,-4225748722462792,-4542009311836230,3646036091919888.5,-9.858662487619376e+16,1.825336188115604e+22,-6.065679236997303e+25,-9.858662487619378e+16,9.470551960367526e+20,-6.055278977582883e+24,1.825336188115604e+22,-6.055278977582883e+24,-6.065679236997303e+25,16,3,11,25,10,12,3,7,19,14,9,6,16,7,8,5,11,10,0,3,0,11,1,13,9,9,13,4,13,9,9,3,3,1,9,1,1,13,9,1,1,13,1,13,1,13,13,13,4,13,4,15,13,9,4,18,4,5,3,1,16,9,8,9,8,4,5,17,13,4,14,8,4,4,5,9,4,1,5,11,10,5,3,15,17,13,9,2,4,11,9,8,17,20,6,14,2,6,3,18,10,15,1,10,6,14,12,13,17,14,1,4,18,10,15,18,10,6,9,13,15,14,4
18219,421589,12778123,434795765,395309,9128996,276136212,11410743,263228624,372081371,18219,-7680508402,3237840132183980,-1364962862176896783880,-7201739362,3036007447089213,-1279877091362244567307,2846756127658120,-1200095194942474954275,-1125286552466220998254,5.152537667689051e+61,5.251174985409227e+64,9.44303215950496e+70,-7.525265917183226e+75,5.251174985409227e+64,4.87596956823426e+69,-4.730584631872858e+74,9.443032159504958e+70,-4.730584631872858e+74,-7.525265917183222e+75,165,14,103,258,58,73,34,88,205,209,52,94,28,128,111,96,83,89,10,41,0,11,17,3,1,14,11,1,3,5,6,1,1,1,14,20,10,15,9,16,4,9,4,15,10,4,1,14,17,15,13,5,3,8,15,17,4,2,5,18,13,3,3,9,4,4,5,18,9,1,9,8,10,16,15,4,6,6,9,18,8,1,4,17,4,12,6,9,17,18,17,18,9,4,3,14,18,10,14,14,12,13,13,9,5,3,9,8,4,3,11,1,11,10,17,5,10,7,4,13,1,18,10
10850,189557,4343157,111964757,185371,3187886,72426130,4219769,71496650,108337375,10850,-2056503893,389788780932309,-73880382458750363561,-2011089979,381181047966542,-72248876594578105134,372763402309337,-70653399798457523434,-69093156419954550439,7.573194670676318e+43,1.6537088453761506e+46,3.524147989591845e+52,-1.4404732881705184e+57,1.653708845376146e+46,1.8961700244260588e+51,-1.0443478322119528e+56,3.524147989591845e+52,-1.0443478322119528e+56,-1.4404732881705184e+57,145,10,69,95,16,59,12,59,78,99,38,40,63,65,67,62,62,76,10,9,0,11,13,18,5,7,17,15,17,8,4,16,8,10,4,13,18,1,14,14,8,16,7,10,18,8,11,7,4,4,6,4,18,3,6,9,1,8,13,3,10,17,1,13,18,1,1,18,14,1,1,18,16,12,10,18,15,18,6,9,4,17,18,14,17,17,4,3,14,8,10,9,15,3,11,13,13,1,5,8,9,18,4,12,1,2,17,9,10,18,14,1,1,14,11,10,14,16,3,13,20,16,18
4922,55967,832945,13978979,53031,593719,8784697,751369,8293201,12068469,4922,-275413607,15410941870825,-862328971186433363,-260965551,14602491600559,-817091615529103665,13836452599489,-774227410333985953,-733611859093302777,1.3079555355197475e+26,2.5666099332243607e+28,6.122935140884707e+33,-6.761715488363631e+37,2.5666099332243607e+28,3.328859054029197e+32,-4.864913622119859e+36,6.122935140884707e+33,-4.864913622119859e+36,-6.761715488363631e+37,36,5,19,32,23,23,10,31,16,56,13,17,19,19,20,34,26,41,8,19,0,11,17,4,10,13,1,13,10,16,20,5,14,12,1,14,11,16,4,3,12,7,10,16,12,17,18,15,16,14,12,3,12,15,4,15,14,4,7,12,3,15,15,16,10,6,7,13,4,13,10,16,12,6,15,13,14,6,12,16,15,14,18,18,4,14,3,4,4,4,3,4,4,10,17,10,9,20,6,1,9,7,18,8,11,10,5,18,13,18,17,10,2,11,18,18,18,18,1,17,8,9,16
2715,21871,231855,2790709,22176,173496,1802548,234284,1797676,2783250,2715,-59357894,1297738390888,-28372384697962838,-60185664,1315835819544,-28768046461536956,1334185744172,-29169228493382632,-29576007849071214,1.3429944135076303e+18,7.889072957765293e+19,1.2417677798871483e+25,-5.5185906315477194e+28,7.889072957765293e+19,6.842118011735914e+23,-4.6599792922741096e+27,1.2417677798871483e+25,-4.65997929227411e+27,-5.5185906315477194e+28,16,3,14,9,8,21,6,11,18,23,3,3,13,8,16,23,11,26,6,10,0,11,1,13,6,1,13,16,16,16,13,16,13,8,10,1,18,10,10,5,16,16,10,18,10,16,13,1,14,1,8,18,18,20,17,3,15,4,18,7,6,1,18,6,16,15,18,17,10,7,2,16,5,19,16,16,4,19,18,16,3,3,8,16,5,17,19,15,20,14,13,4,6,6,15,3,1,8,16,8,5,7,20,1,9,6,14,13,20,8,3,4,18,6,17,5,9,4,15,8,14,19,18
3050,26264,299182,3870776,26158,220824,2482918,293402,2439742,3707362,3050,-80078936,2102503676590,-55202055426833336,-79755742,2094018015000,-54979259041069406,2085566751674,-54757365811476082,-54536372061063850,2.564797802591927e+19,2.0586287633548218e+21,3.239277177938947e+26,-1.7343815924327145e+30,2.0586287633548218e+21,1.8248846443107581e+25,-1.4198521930837784e+29,3.239277177938947e+26,-1.4198521930837784e+29,-1.7343815924327145e+30,17,10,8,13,13,17,10,17,12,31,7,9,12,8,19,23,12,29,6,10,0,11,12,19,17,6,10,20,17,10,10,16,6,18,12,15,7,16,17,1,8,6,15,18,19,10,16,18,8,5,8,5,15,8,11,18,10,18,18,1,1,4,16,18,19,6,3,4,9,16,16,5,8,2,12,17,10,14,13,6,2,12,16,18,2,20,3,14,5,5,13,8,16,7,18,15,10,19,16,10,14,10,8,10,18,16,17,13,1,10,10,18,1,11,7,18,1,7,14,14,7,8,4
1743,12213,111227,1139619,11347,77587,700391,96603,646001,933091,1743,-21275046,259683090656,-3169690642925214,-19766474,241269443638,-2944933435447260,224161522672,-2736113958909396,-2542102012855652,256603444569828.25,1.5922401838412202e+16,7.703927947822194e+20,-1.6933057159331332e+24,1.5922401838412202e+16,4.658242187657634e+19,-1.552864544848932e+23,7.703927947822194e+20,-1.552864544848932e+23,-1.6933057159331332e+24,11,4,2,3,11,9,6,15,2,25,3,5,3,6,4,18,8,14,5,6,0,11,10,10,10,10,10,16,8,8,18,10,7,18,1,18,10,18,10,10,5,18,16,17,8,18,16,14,19,8,18,6,12,6,7,1,17,3,10,19,14,12,2,16,17,16,16,16,6,12,18,7,7,2,5,16,16,16,13,12,4,19,10,14,16,18,14,1,17,11,8,10,16,8,8,5,16,8,10,16,10,5,10,5,5,2,14,10,5,17,10,17,9,6,6,15,5,20,8,17,6,8,5
2066,15634,152540,1673350,15642,117248,1132338,152002,1137134,1659084,2066,-32284210,504487069724,-7883334323152282,-32300730,504745183040,-7887367161365182,505003498498,-7891403157755054,-7895442315087912,4258174429568393.5,-1.821912368791791e+16,2.1047121712368203e+22,-7.05629086716622e+25,-1.821912368791791e+16,1.185473039452085e+21,-7.026645186353405e+24,2.1047121712368203e+22,-7.026645186353405e+24,-7.0562908671662205e+25,10,3,12,14,11,15,3,4,9,14,5,4,25,7,10,18,11,14,4,3,0,11,1,3,6,14,11,13,5,16,2,7,20,13,16,15,10,15,15,3,13,5,15,3,16,13,10,16,16,15,10,10,3,3,6,5,6,11,3,13,5,13,3,3,10,17,1,16,19,13,3,19,1,10,13,15,10,16,16,1,19,13,6,17,10,15,16,6,11,18,13,15,6,13,17,1,17,1,15,5,6,18,13,1,4,6,15,17,13,13,13,5,13,6,4,13,19,9,18,2,18,12,18
1872,14218,137422,1484398,12907,97623,946731,114807,853471,1149439,1872,-26601878,378023487302,-5371867658339198,-24148997,343167025243,-4876542755947543,311524628437,-4426891100456435,-4018701156208175,3858326491845127.0,3.2505987764377594e+17,1.6582292300078474e+22,-4.199320842956634e+25,3.2505987764377594e+17,9.388782030080525e+20,-3.3742533131167253e+24,1.6582292300078474e+22,-3.374253313116724e+24,-4.199320842956634e+25,17,4,7,2,6,16,4,5,7,27,4,5,8,11,10,6,6,16,7,8,0,11,1,10,19,15,1,20,14,15,1,10,1,1,7,13,19,9,18,14,18,10,17,1,6,16,10,11,6,10,6,3,8,8,16,14,14,10,18,4,15,15,6,10,14,4,7,14,15,6,15,17,10,17,11,18,16,10,6,2,6,5,18,6,13,18,18,6,6,19,20,9,18,10,3,15,5,8,13,6,17,17,9,18,3,1,10,9,9,11,10,10,3,14,6,6,5,1,13,2,5,10,6
9099,146345,3073711,72585935,140024,2225324,46155292,2820992,44403298,63848810,9099,-1331446810,194829169624136,-28509141477982055950,-1273938352,186414018536484,-27277761424465828932,178362339900864,-26099567910422379614,-24972263660785965718,1.7688874969320032e+39,4.8984489478517626e+41,4.960178628878737e+47,-1.472686284446692e+52,4.8984489478517626e+41,2.533984617886368e+46,-1.005407309756925e+51,4.960178628878737e+47,-1.005407309756925e+51,-1.472686284446692e+52,51,20,63,62,39,78,21,53,59,91,34,34,21,27,59,49,60,71,4,21,0,11,8,1,1,14,10,10,1,20,20,5,17,4,10,9,3,3,14,18,9,9,8,3,9,20,10,20,1,11,15,10,16,3,4,17,10,8,3,8,11,17,15,5,15,9,4,11,9,12,6,10,16,15,3,5,12,13,17,1,17,18,9,11,10,13,17,5,18,15,16,8,13,3,6,16,4,9,6,3,5,8,1,10,3,10,6,6,16,16,5,15,8,10,15,18,14,18,12,7,4,9,12
4577,53113,805559,13745683,49722,568878,8599546,707000,7981534,11314596,4577,-243045088,12906033573734,-685328415476584696,-227527872,12082047549828,-641573596471220612,11310669281300,-600612324037824106,-562266241729276956,1.2162764091982695e+26,2.102769554317215e+28,5.74148930710411e+33,-6.33439626362386e+37,2.102769554317215e+28,3.07532325310939e+32,-4.54459239640366e+36,5.74148930710411e+33,-4.54459239640366e+36,-6.334396263623859e+37,16,41,28,25,14,33,5,28,4,26,11,27,35,27,27,27,28,19,1,26,0,11,13,6,8,9,15,8,10,17,18,17,8,10,1,10,2,10,13,16,13,6,12,1,14,1,14,2,17,12,6,5,3,10,3,15,14,16,6,14,2,10,3,8,3,4,2,15,17,8,13,4,1,2,15,6,3,11,11,2,18,12,14,12,6,6,20,10,2,8,13,15,17,12,13,18,20,15,6,13,20,16,12,13,20,16,17,13,20,16,6,13,20,13,1,1,1,13,13,10,16,1,13
12834,234469,5648623,153424291,234998,4245183,101729457,5683924,101902043,154777202,12834,-3008940677,705448341532175,-165392879739200304449,-3015729334,707039945712767,-165766032171644545769,708635143655252,-166140027162695330537,-166514866616310856606,1.1287089337175972e+47,1.2724642353136302e+49,7.119308675145068e+55,-3.4308141766509686e+60,1.272464235313624e+49,3.721337964265502e+54,-2.4984584234388373e+59,7.119308675145068e+55,-2.4984584234388377e+59,-3.4308141766509686e+60,114,35,48,108,48,74,39,42,53,200,17,29,48,61,79,116,49,62,19,47,0,11,6,6,2,5,2,8,13,15,4,15,16,10,17,15,6,13,6,9,4,17,13,16,9,3,13,17,18,16,16,4,2,8,1,16,16,4,20,9,4,9,2,5,10,13,14,12,8,12,13,3,10,17,10,16,5,2,18,9,16,15,16,15,15,2,18,12,6,13,10,14,4,1,1,15,15,15,10,19,1,10,4,12,4,3,14,4,18,15,11,10,5,9,3,10,16,1,15,10,18,16,8
2744,23722,268674,3457936,22995,197959,2235291,252275,2158235,3100755,2744,-65069446,1543014933402,-36590063834710516,-63075285,1495726621339,-35468697731444915,1449887660825,-34381700709533775,-33328019292972495,2.307477105020409e+19,2.651352844383795e+21,2.8167540442001844e+26,-1.3964586480488064e+30,2.651352844383795e+21,1.5904301935112005e+25,-1.0556963339992735e+29,2.8167540442001844e+26,-1.0556963339992731e+29,-1.396458648048806e+30,22,3,16,12,9,25,9,7,7,34,4,2,16,20,25,14,12,16,4,9,0,11,10,10,10,17,15,16,13,17,1,19,7,15,10,16,14,10,9,13,15,18,10,13,6,17,10,6,6,14,1,10,7,10,15,16,19,10,10,16,15,14,6,13,1,4,17,6,6,14,6,14,13,14,6,13,6,10,15,17,15,10,10,8,17,6,10,5,6,1,6,10,6,6,1,19,10,1,10,15,1,4,9,4,15,10,14,14,14,9,15,17,4,1,10,15,14,1,1,18,6,14,6
10340,170613,3754763,93574281,166998,2718676,59623128,3546698,57274050,84774942,10340,-1763967807,300926734414685,-51337047880849300665,-1726592322,294550606522288,-50249302610731047816,288309579804050,-49184605135089819444,-48142467096946908174,2.1227116534235274e+42,8.905630188473812e+44,8.065795386617171e+50,-2.7856926633745517e+55,8.905630188473812e+44,4.140683920634193e+49,-1.8321209182410123e+54,8.065795386617171e+50,-1.8321209182410123e+54,-2.7856926633745517e+55,67,15,54,118,22,45,26,48,91,104,20,49,28,65,55,82,51,60,2,30,0,11,1,4,17,12,12,4,2,16,8,9,18,10,2,15,5,15,13,10,12,14,1,4,8,10,15,6,3,9,5,8,13,8,5,14,6,3,3,16,18,18,8,6,6,9,13,20,18,5,3,15,18,5,13,13,12,17,17,14,4,14,18,20,7,1,2,1,11,14,8,18,9,3,18,10,1,6,20,12,6,17,8,5,1,20,6,14,17,16,16,6,9,17,7,17,11,4,6,9,10,7,3
4651,52565,777963,13020857,51886,575452,8459354,771652,8463802,12910354,4651,-244427250,12845556094988,-675081496647811428,-241269900,12679625481362,-666361218904688424,12515838646056,-657753604904780042,-649257198794328150,1.2359409174527324e+26,1.1905269521039651e+28,6.166195771308705e+33,-7.545198495453891e+37,1.190526952103966e+28,3.523461748324507e+32,-5.985769492083371e+36,6.166195771308705e+33,-5.985769492083371e+36,-7.545198495453892e+37,43,2,19,65,14,19,9,12,21,60,6,14,14,31,48,46,16,21,1,9,0,11,16,7,7,13,16,6,10,15,1,6,5,16,16,17,16,20,15,15,17,5,6,13,13,13,16,10,16,13,6,1,5,16,20,16,16,16,16,15,5,16,16,16,15,10,10,6,16,1,16,13,16,16,16,18,15,10,6,16,5,15,16,13,15,1,6,1,6,1,10,10,15,10,13,16,4,15,10,3,5,16,11,1,4,1,10,12,14,4,5,10,1,17,15,16,12,4,9,14,4,10,14
4555,50033,733637,12253475,50857,545852,7873342,751807,7927338,12541765,4555,-227850282,11397530591854,-570127473838711812,-231602778,11585237809245,-579516957539788495,11776036798104,-589061097557613605,-598762441601157768,1.210430204041538e+26,1.136758440214376e+28,6.011588489852883e+33,-7.311335829979497e+37,1.136758440214376e+28,3.3617643431721724e+32,-5.789729243569478e+36,6.011588489852883e+33,-5.789729243569478e+36,-7.311335829979497e+37,42,10,18,44,19,30,10,34,30,54,8,15,22,19,23,27,18,32,3,15,0,11,1,17,1,17,4,14,19,18,10,18,4,11,18,14,1,10,20,4,1,13,1,20,7,10,8,10,4,6,8,10,8,10,19,8,8,15,10,10,5,16,9,17,20,9,10,14,4,15,16,3,10,17,18,9,4,9,4,4,10,8,4,4,19,14,13,4,13,10,18,13,13,18,13,9,3,7,13,1,10,12,20,12,8,18,16,6,13,13,16,7,9,17,18,18,12,6,9,4,2,8,12
2142,16934,173436,2001248,16824,132741,1350595,171670,1332795,1970994,2142,-36255694,613667335276,-10386992527624480,-36020184,609681030981,-10319519286775673,605720700310,-10252485686694329,-10185888854072382,6.6222238345611064e+16,1.7484678374565888e+18,4.54158033332855e+23,-1.7887771507869878e+27,1.7484678374565893e+18,2.5943781306245155e+22,-1.6530499447126343e+26,4.54158033332855e+23,-1.6530499447126343e+26,-1.7887771507869875e+27,8,4,14,25,5,12,10,6,37,12,4,4,14,13,22,16,4,6,2,3,0,11,16,16,15,13,6,15,4,3,18,6,1,1,6,1,15,15,13,15,4,13,13,4,14,4,10,14,15,15,15,4,14,9,15,15,15,7,3,1,14,14,10,14,14,10,9,7,10,4,16,5,20,4,9,13,13,13,6,10,8,9,4,3,4,17,9,13,4,3,2,8,13,3,18,13,6,12,4,7,1,15,4,5,10,1,7,1,13,17,9,6,10,19,11,13,10,6,9,4,18,9,18
3565,35521,461931,6762403,34463,339856,4408842,427825,4167572,5928281,3565,-126596844,4495585216214,-159642896957151432,-122826132,4361683214405,-154887894050743009,4231769716572,-150274527289335847,-145798577575667658,1.0252716147062778e+22,7.739474259848878e+23,2.316211710384553e+29,-1.6875926213222915e+33,7.739474259848873e+23,1.1980561923735663e+28,-1.2961234299062331e+32,2.316211710384553e+29,-1.2961234299062333e+32,-1.6875926213222912e+33,18,12,14,20,17,26,3,19,24,43,9,19,12,11,15,29,11,21,10,13,0,11,1,10,10,9,18,9,5,3,14,9,9,15,18,9,10,1,14,6,10,19,10,11,12,19,5,16,18,10,1,6,8,8,8,5,16,10,6,10,5,10,9,8,4,10,15,9,15,16,3,18,11,12,12,16,4,16,7,5,18,13,12,16,10,8,6,11,6,18,10,16,2,18,5,12,16,10,1,6,9,8,2,20,3,1,10,3,13,1,9,20,1,15,19,9,13,19,10,9,13,20,10
13822,266814,6792270,194485230,266475,5174959,132242867,6661341,129697989,186540555,13822,-3687636294,983841807228990,-262483777166903747046,-3682950975,982591787357959,-262150278064584819535,981343358798841,-261817203516936954885,-261484552982440378995,1.7091340909984082e+50,2.407041295655821e+52,1.3955780515406058e+59,-7.447779323593721e+63,2.40704129565582e+52,6.80222257813337e+57,-5.135146328608921e+62,1.3955780515406058e+59,-5.135146328608921e+62,-7.447779323593721e+63,55,123,74,77,63,119,35,74,46,119,15,107,63,62,40,123,84,67,17,43,0,11,1,10,9,12,8,12,20,10,10,8,5,20,10,16,5,16,10,10,8,20,8,9,12,16,5,2,12,9,12,12,17,15,2,10,16,12,16,2,14,12,12,16,17,2,9,3,5,16,9,3,12,3,2,16,2,16,3,17,1,12,12,10,3,9,3,2,3,12,11,9,3,13,2,5,16,12,13,2,14,6,16,1,17,2,18,12,17,13,6,4,15,16,5,10,2,9,2,13,13,6,20
5275,65413,1060345,19377415,63531,784231,12669701,989905,12109237,17155821,5275,-344988162,22562432840682,-1475596665002449224,-335062494,21913287950950,-1433142183095694108,21282820108258,-1391909192212237746,-1351862547002541996,7.7377182615326985e+28,1.105567598294022e+31,5.82398533895828e+36,-8.262317175974581e+40,1.105567598294022e+31,2.9620895261500893e+35,-5.793319145189409e+39,5.82398533895828e+36,-5.793319145189409e+39,-8.262317175974581e+40,49,4,30,57,16,38,4,13,53,40,7,18,51,16,53,33,23,24,3,10,0,11,13,10,15,3,4,17,10,15,4,18,19,1,16,3,16,6,7,4,4,4,16,10,16,13,4,1,13,15,15,13,9,14,15,13,1,13,1,14,15,10,15,9,9,15,17,4,1,13,4,16,13,2,13,17,6,16,9,13,15,9,13,6,1,6,15,17,6,15,13,15,4,4,13,16,13,3,13,1,14,1,15,1,13,14,17,18,20,1,15,5,10,15,3,13,4,1,9,9,15,3,13
3611,34935,450313,6568293,34118,327014,4221954,425294,4052444,5987876,3611,-126115350,4404619748338,-153832785796638672,-123165980,4301611925984,-150235199960793560,4201013293010,-146721756036504270,-143290485899397656,1.0385009258637776e+22,1.2591753670315454e+24,2.319675162468634e+29,-1.7219824447426195e+33,1.2591753670315457e+24,1.3115700028456945e+28,-1.3382308542706576e+32,2.319675162468634e+29,-1.3382308542706576e+32,-1.7219824447426192e+33,32,10,4,16,30,22,5,24,11,29,15,16,20,12,7,17,24,30,5,19,0,11,12,6,17,4,6,13,12,5,20,18,13,5,16,12,1,17,6,18,18,15,16,13,5,4,20,13,14,20,20,10,1,4,13,19,14,5,16,11,10,1,1,20,11,5,10,10,8,18,10,6,5,13,8,12,5,10,17,10,20,18,17,18,14,7,9,9,10,15,17,13,10,12,20,8,10,10,12,10,1,18,1,3,10,5,11,18,10,6,6,5,17,16,17,10,20,17,16,10,7,6,20
3355,31974,390054,5347788,29680,278206,3363092,339728,3123344,4366318,3355,-107240796,3427895264682,-109570859937889248,-99546720,3181958115166,-101709606290572276,2953666086928,-94412370001283088,-87638684438678802,5.0782996491319974e+20,6.680427720706005e+22,8.253785315067657e+27,-4.746777042577758e+31,6.680427720706005e+22,4.421792040735883e+26,-3.4325922584290427e+30,8.253785315067657e+27,-3.4325922584290427e+30,-4.746777042577758e+31,30,3,11,10,8,19,2,4,13,23,7,5,40,21,15,40,15,14,4,15,0,11,11,1,20,11,12,13,6,13,7,20,16,18,12,1,10,1,10,16,6,13,16,18,3,10,11,7,14,1,18,13,20,13,16,1,13,15,9,14,15,15,4,15,17,17,5,17,15,16,14,10,4,4,10,4,1,10,5,1,9,17,14,20,13,3,18,20,1,15,4,4,18,1,10,9,8,12,10,13,4,16,15,18,14,18,19,5,9,12,15,15,1,9,2,15,14,14,15,14,14,14,9
6228,80695,1359911,25830607,73959,949756,15862042,1165719,14822632,20819967,6228,-502487765,40541739873561,-3270990458285508203,-460542693,37157525439886,-2997945095009110822,34055808263625,-2747692192006016456,-2518329144954331371,2.2839103949206544e+30,8.32341102501442e+32,2.000385571896409e+38,-3.017299054210456e+42,8.323411025014425e+32,1.097074562182522e+37,-1.9484925449671478e+41,2.0003855718964095e+38,-1.9484925449671478e+41,-3.017299054210456e+42,35,5,26,38,32,26,18,23,29,73,16,25,39,28,30,39,30,34,15,24,0,11,17,8,17,20,17,16,14,18,1,12,1,15,10,6,16,5,16,15,10,10,10,2,19,15,6,16,8,20,9,10,10,20,6,4,5,10,8,5,10,10,2,20,20,8,8,15,5,8,20,15,10,1,10,17,4,4,14,14,10,11,5,4,9,10,17,10,20,2,3,16,20,8,14,10,8,13,8,16,5,18,10,6,5,20,18,17,10,18,18,17,15,19,19,12,14,20,4,12,10,13,19
2391,19882,216086,2646604,18506,150752,1621382,186766,1503820,2131598,2391,-47517980,944357400522,-18767863193178536,-44229340,878999952340,-17468968737583734,818165880770,-16259970590578592,-15134646912482998,1.1827254669232955e+18,1.508785203172608e+20,1.0157154549915784e+25,-3.949550486734542e+28,1.508785203172608e+20,5.758365278075166e+23,-2.919078988966018e+27,1.0157154549915784e+25,-2.919078988966018e+27,-3.9495504867345417e+28,24,3,9,21,5,23,3,0,6,30,6,3,21,13,25,18,9,10,1,7,0,11,1,10,13,13,16,13,10,1,11,4,20,18,12,3,5,3,10,11,9,5,4,18,9,15,4,13,16,4,6,15,13,6,13,13,17,1,16,10,6,16,17,13,20,16,16,18,13,13,16,13,17,5,16,4,13,6,11,18,6,1,17,4,6,17,15,13,6,10,4,4,10,20,19,10,1,17,10,14,14,14,10,6,1,6,4,1,10,6,10,16,13,4,4,1,11,4,10,10,14,6,14
8433,129623,2616755,59511233,123096,1868920,37423404,2352144,35416408,50630346,8433,-1092981136,141658694286354,-18360047666327092672,-1037945472,134525651713168,-17435550842320051516,127751785548240,-16557606029458876184,-15723869145320967606,5.288432355780903e+37,2.0428185885922227e+40,1.216236758942588e+46,-3.155145132629715e+50,2.0428185885922227e+40,6.214177475531325e+44,-2.0491025834990808e+49,1.216236758942588e+46,-2.0491025834990808e+49,-3.1551451326297154e+50,54,21,56,77,45,37,20,40,58,88,31,34,32,34,39,45,40,62,10,31,0,11,16,10,16,4,4,14,1,15,16,5,10,3,14,12,13,3,5,1,15,14,20,5,6,9,9,10,16,13,4,12,18,1,1,1,2,4,3,6,2,13,13,3,2,3,16,10,15,3,10,2,14,18,4,4,16,17,1,10,10,4,10,18,14,3,11,14,4,16,8,12,11,4,15,18,18,5,9,18,10,15,15,10,2,17,10,10,14,1,3,15,2,16,10,5,11,20,15,14,15,12,6
24815,624376,20660282,768457954,606987,15171522,500710582,19532479,485022370,706455765,24815,-15493266064,9673233667246970,-6039491559914957121454,-15061775418,9403832115445578,-5871290471842843139240,9141933461959876,-5707773824802980275890,-5548811155812057712590,3.5686497538441364e+68,1.7315340748421345e+71,1.0524902889923582e+78,-1.105329195792451e+83,1.7315340748421286e+71,5.2536514462506356e+76,-7.371141521930942e+81,1.0524902889923582e+78,-7.371141521930942e+81,-1.105329195792451e+83,123,23,128,140,102,104,73,142,152,242,60,118,134,113,149,108,131,128,61,104,0,11,1,6,18,5,13,20,15,6,13,6,12,13,18,13,6,13,10,1,13,10,13,3,20,11,16,4,4,9,10,14,4,9,1,15,9,19,14,14,10,14,1,9,15,20,1,4,9,15,9,5,6,5,18,3,1,14,9,4,3,11,13,13,4,7,18,15,9,8,8,15,3,7,6,3,11,17,12,15,9,5,15,7,3,9,15,18,20,10,6,1,10,9,20,11,13,7,1,18,10,9,10
6854,90348,1578636,31256046,89825,1161390,20013962,1550435,19828594,30124607,6854,-619154844,55931240663244,-5052538527524499330,-615570725,55607469514590,-5023290682398238978,55285573392935,-4994212217923868786,-4965302152762518893,6.5350348107970055e+31,9.14751998925447e+33,7.606376869709109e+39,-1.449264571255204e+44,9.14751998925447e+33,4.070860579383209e+38,-1.0766956654957768e+43,7.60637686970911e+39,-1.0766956654957768e+43,-1.4492645712552035e+44,42,10,41,49,28,40,19,24,38,64,14,20,46,16,46,42,30,53,16,22,0,11,3,3,19,9,13,16,13,10,8,9,13,5,6,1,15,9,9,15,16,19,20,10,17,19,9,20,9,10,17,12,14,15,1,10,15,15,5,2,14,17,6,1,18,10,5,10,10,18,17,18,8,18,12,8,9,10,8,10,3,17,15,15,1,8,16,4,1,12,4,3,13,4,13,4,14,3,20,3,4,1,10,6,15,10,4,13,13,15,15,15,6,16,6,13,15,15,18,10,3,18,4
3276,30813,377245,5198721,30666,285483,3467989,373166,3441611,5084724,3276,-100912575,3108470109751,-95752057610081415,-100431150,3093640398975,-95295246418576181,3078881615510,-94840620069740347,-94388168087713752,4.958721207319352e+20,1.6105061950559774e+22,8.815542393678123e+27,-5.968563661230556e+31,1.610506195055974e+22,4.841458763470429e+26,-5.048136050246296e+30,8.815542393678123e+27,-5.0481360502462947e+30,-5.968563661230556e+31,27,8,7,18,15,23,11,11,18,40,4,11,9,6,24,25,19,28,4,8,0,11,10,18,17,10,6,10,10,17,16,5,5,16,5,10,20,11,18,1,13,16,8,15,9,5,5,1,6,6,18,2,15,17,12,18,14,10,13,6,9,18,18,18,8,17,6,1,12,17,6,8,6,9,4,17,1,15,4,10,1,16,15,6,1,15,18,20,8,1,2,15,3,18,10,9,6,4,16,1,1,16,4,8,15,18,3,17,9,12,16,14,18,10,18,15,9,10,3,10,16,3,17
3208,29325,355719,4890087,29544,263998,3161204,353148,3095474,4738632,3208,-94045275,2757018089469,-80824358133004563,-94747608,2777607490798,-81427951386608632,2798350835964,-82036057594939450,-82648710540369624,4.8557929282907446e+20,2.9925571982253816e+22,8.40777531851196e+27,-5.456087765245637e+31,2.9925571982253816e+22,4.57135803945244e+26,-4.4555739843267884e+30,8.40777531851196e+27,-4.4555739843267884e+30,-5.456087765245637e+31,24,5,11,23,10,19,10,9,22,38,10,10,20,17,13,23,14,19,6,9,0,11,15,11,10,10,1,10,10,1,10,16,1,1,15,13,16,1,16,1,4,16,7,19,2,20,4,18,14,1,4,16,16,12,20,13,2,10,18,13,18,9,19,6,6,12,2,14,9,3,15,14,16,13,8,12,8,18,17,17,9,1,9,18,3,9,9,10,6,15,5,5,5,16,6,20,3,9,9,14,17,19,17,18,14,12,12,6,7,16,18,11,11,10,10,4,12,9,1,16,8,16,6
3037,28157,339461,4599575,26571,245577,2959407,297373,2725181,3727095,3037,-85484652,2406198869176,-67729037332809918,-80669556,2270664774222,-63914058048158688,2142765051808,-60313969261505172,-56916666385491828,4.5969585795570454e+20,6.909740477126666e+22,7.278795239989698e+27,-3.918476898076442e+31,6.909740477126666e+22,3.749014210893165e+26,-2.6289074484902566e+30,7.278795239989698e+27,-2.6289074484902566e+30,-3.918476898076442e+31,29,9,7,9,14,20,6,13,9,44,8,9,13,8,10,27,21,16,8,11,0,11,1,4,17,16,1,10,13,17,6,5,6,4,10,4,18,10,1,18,6,11,18,10,10,18,4,1,10,16,6,10,16,10,12,17,10,17,8,5,16,5,2,9,17,13,4,10,15,17,13,2,7,10,10,18,10,16,10,1,10,1,3,16,6,8,16,10,12,1,10,18,1,1,17,16,16,10,10,15,15,19,13,20,6,16,3,6,2,14,1,7,6,5,14,6,5,18,17,1,10,1,16
7297,102203,1880681,38815469,101133,1392055,25344345,1842317,25011171,37712661,7297,-745673088,76199583040336,-7786758813200805798,-737866368,75401821704760,-7705236336117964876,74612413353572,-7624567443118837708,-7544743195726055100,1.8785030980280482e+33,1.0729066117254881e+35,2.7266579447311922e+41,-5.990819988743421e+45,1.0729066117254881e+35,1.4516058939271255e+40,-4.588929920536906e+44,2.7266579447311922e+41,-4.588929920536906e+44,-5.990819988743421e+45,52,11,46,40,28,49,24,49,28,75,16,44,23,23,40,56,42,51,4,20,0,11,10,10,13,18,5,17,10,9,10,15,7,9,8,16,13,15,11,18,1,8,6,15,20,3,6,17,7,13,2,10,1,1,1,17,14,17,6,9,18,5,8,7,12,13,7,17,15,12,14,7,18,16,1,16,15,18,5,14,16,13,10,4,16,3,18,16,10,10,12,8,12,14,1,18,16,2,10,17,1,6,18,10,12,13,4,10,6,20,3,1,10,10,18,6,17,14,17,12,10,10,1
2400,20319,220249,2684457,18458,154298,1672668,183310,1494426,2048666,2400,-48745281,990042723127,-20108298100890159,-44280742,899365502894,-18266594249783084,816993421382,-16593572385764684,-15073782737564338,1.1871773821061937e+18,1.608034830705783e+20,1.0015468287354732e+25,-3.6771174888599665e+28,1.6080348307057833e+20,5.505024468344092e+23,-2.549449959517363e+27,1.0015468287354732e+25,-2.5494499595173624e+27,-3.6771174888599665e+28,15,4,11,12,11,14,6,14,11,31,6,10,8,4,12,17,14,20,2,8,0,11,9,12,13,11,10,4,18,18,16,10,10,10,4,9,10,10,10,8,16,12,5,17,10,5,16,16,6,1,1,6,4,3,9,6,15,12,16,5,20,4,17,16,16,5,7,15,6,3,18,10,4,18,13,15,17,7,10,17,7,20,6,8,20,10,6,3,12,15,18,1,7,11,11,13,3,8,10,10,1,10,17,3,3,11,6,15,17,14,9,18,18,16,12,9,15,10,8,10,6,18,8
3100,29482,361434,4985308,28696,272337,3334011,343632,3225247,4621228,3100,-91364718,2692745789186,-79361927253222552,-88928904,2620956204593,-77246106993080809,2551080712400,-75186699929732145,-73182201820039380,4.692318602774719e+20,2.4642974452144834e+22,8.164860267317872e+27,-5.338948644178831e+31,2.4642974452144834e+22,4.393788839219423e+26,-4.397661120426943e+30,8.164860267317872e+27,-4.397661120426943e+30,-5.338948644178831e+31,23,4,14,35,24,19,5,13,15,30,7,11,13,22,20,15,15,20,2,10,0,11,16,4,6,18,6,17,5,15,11,18,13,4,4,4,14,4,10,15,1,14,10,4,14,10,17,17,9,3,7,6,13,18,5,6,13,2,16,14,10,13,15,7,17,10,14,9,1,9,3,4,10,12,4,15,4,4,17,15,4,4,1,18,15,4,10,14,4,11,18,14,1,14,1,1,16,6,4,4,10,1,18,1,18,1,4,15,18,14,4,9,3,16,6,5,5,10,15,5,8,15,1
5758,72614,1186866,21726122,69348,877657,14332681,1108864,14023267,20040522,5758,-418038798,30350197671842,-2203466547496972770,-399236436,28985119805689,-2104359977944250523,27681440327488,-2009711018391123781,-1919319173010926454,8.446214549745079e+28,1.206864106989699e+31,6.495061034159823e+36,-9.96087618640611e+40,1.206864106989699e+31,3.604602614791579e+35,-7.594684679925216e+39,6.495061034159823e+36,-7.594684679925216e+39,-9.96087618640611e+40,42,11,25,34,25,61,10,22,25,66,10,19,31,11,51,47,30,27,7,16,0,11,15,15,10,6,13,5,7,13,15,18,7,19,1,1,13,13,16,10,16,16,6,10,7,15,10,10,5,10,15,6,17,15,8,13,16,16,17,17,10,16,13,13,15,7,3,16,10,16,10,3,6,6,17,18,12,13,13,15,18,15,4,13,17,6,15,4,1,5,6,13,16,13,1,16,16,3,19,10,13,1,15,19,15,12,6,15,6,6,15,13,15,1,15,10,2,16,6,19,17,1,1
4492,49447,706665,11346889,47244,514170,7342914,651542,6999642,10138290,4492,-222066477,10978076789075,-542712134660735523,-212172804,10488973079490,-518532798809603970,10021660608182,-495430735185402080,-473357946928609830,5.425858174388367e+24,6.716704185257046e+26,2.056096249920647e+32,-2.068310874328795e+36,6.716704185257046e+26,1.1192193129642986e+31,-1.5763706243511535e+35,2.056096249920647e+32,-1.5763706243511536e+35,-2.0683108743287953e+36,41,7,9,13,28,43,4,18,16,57,14,12,17,10,12,47,20,32,13,16,0,11,1,1,14,6,20,6,20,20,15,17,18,8,5,16,1,11,5,6,6,20,16,10,20,20,5,12,15,9,17,5,16,5,18,11,13,16,10,18,4,4,8,13,10,3,9,3,3,10,6,5,8,17,16,16,14,16,1,1,20,1,8,16,9,5,18,16,6,18,10,16,3,14,11,16,1,15,19,10,5,16,16,6,10,10,10,18,6,10,18,12,8,5,5,1,19,16,16,17,18,13,18
15669,317492,8537434,258610646,307136,6186565,165728973,7952774,158995295,231874238,15669,-4974464656,1579251939930122,-501367858768083714946,-4812206848,1527739669548869,-485014168082413234875,1477907637897606,-469193905750229084505,-453889672244624301250,3.0225335285843058e+53,1.7880929124796141e+56,3.0925904048645885e+62,-1.8286434123867973e+67,1.7880929124796141e+56,1.5814423864477223e+61,-1.193544544216093e+66,3.0925904048645885e+62,-1.193544544216093e+66,-1.8286434123867973e+67,94,38,75,108,66,96,45,91,83,148,33,82,85,56,84,90,71,93,31,63,0,11,6,7,16,9,14,8,15,8,10,10,10,12,4,11,4,9,10,4,9,17,10,5,15,10,4,14,6,20,4,10,14,5,15,10,6,13,17,10,14,6,9,1,18,17,18,20,17,12,20,13,5,13,6,4,17,5,12,15,4,9,5,15,16,10,3,19,4,12,13,17,4,15,4,3,3,16,3,9,20,2,9,10,12,10,14,14,16,6,16,5,14,20,20,5,10,14,6,12,4,9,16
12929,238824,5820604,159674220,231436,4288047,105043361,5415374,100213421,141967906,12929,-3087516672,737316050591356,-176075149465153850292,-2992004608,714507240317775,-170628279140055943775,692404021250366,-165349907916154632043,-160234823249575321942,1.1370638775155674e+47,3.862254781339481e+49,6.877005806195132e+55,-3.0737742707889742e+60,3.86225478133948e+49,3.440952053198429e+54,-2.048982430236842e+59,6.877005806195132e+55,-2.0489824302368423e+59,-3.0737742707889735e+60,74,19,69,76,42,81,39,72,56,138,31,44,54,60,67,102,67,88,14,42,0,11,15,16,15,16,12,16,6,18,15,10,3,6,20,1,15,10,18,14,14,17,8,10,2,20,14,12,13,18,17,6,10,10,16,1,16,7,4,14,9,3,1,19,18,15,3,12,8,20,16,8,10,1,18,19,6,10,6,11,1,20,15,9,12,1,3,15,3,4,3,9,1,9,1,20,4,10,4,14,12,18,18,9,10,11,15,6,10,10,14,2,11,11,15,14,18,1,9,18,4,9,5
7054,98847,1804173,37052577,94919,1322842,23986176,1666675,23163922,33064295,7054,-697167891,68903185596441,-6809907735998636589,-669463707,66165097910278,-6539294307257750580,63535817654847,-6279434645262971916,-6029901408551253189,1.8159463962573437e+33,3.657588693120651e+35,2.5066006057854093e+41,-5.112715197948019e+45,3.65758869312065e+35,1.2897008583196756e+40,-3.6332137505109305e+44,2.5066006057854093e+41,-3.6332137505109305e+44,-5.112715197948019e+45,47,8,46,43,39,56,30,36,34,67,17,29,33,17,36,49,23,33,15,44,0,11,1,1,13,11,17,13,1,1,15,13,4,3,20,4,1,1,10,12,1,1,10,1,3,18,13,4,10,1,15,10,10,4,8,3,13,20,10,9,13,20,1,18,3,5,14,15,15,20,9,14,5,16,14,8,10,9,12,8,6,4,12,4,6,6,8,3,9,5,16,15,6,20,4,16,5,6,18,7,15,2,1,3,6,6,10,20,2,9,4,19,1,13,6,1,4,6,18,5,10,17,6
4447,48435,689479,11060949,44969,483743,6870467,590693,6271327,8720177,4447,-215342010,10427744994604,-504954269541701646,-199932174,9681537257918,-468819816524962194,8988728312338,-435271153520801602,-404123239789849170,5.371502961154287e+24,1.1956443323769185e+27,1.9052856125547227e+32,-1.6768690527976453e+36,1.195644332376919e+27,1.0031793725168912e+31,-1.093469718414369e+35,1.9052856125547227e+32,-1.093469718414369e+35,-1.6768690527976453e+36,28,10,23,13,21,24,8,19,18,38,5,33,16,14,9,33,41,36,4,17,0,11,18,2,5,15,10,5,13,18,13,6,16,6,10,18,10,18,2,10,18,10,6,1,18,15,16,20,1,10,4,10,12,10,17,3,16,4,12,1,17,2,10,20,1,9,19,14,11,12,5,17,18,15,20,4,17,17,12,9,17,20,9,17,18,17,8,16,3,7,6,17,18,17,20,12,6,16,8,2,6,3,3,14,12,6,13,9,8,1,18,14,5,6,13,6,5,16,19,8,1,12,5
7713,112718,2140162,45557480,111373,1613114,30390008,2092623,30241552,44242537,7713,-869281216,97970936897726,-11041656426299672188,-858908576,96801904740868,-10909902486064225042,95646822982342,-10779720804321024426,-10651092617510683670,5.559668946999147e+34,1.6573879852320174e+36,9.723518673892305e+42,-2.3522309442372954e+47,1.6573879852320268e+36,4.989064336605932e+41,-1.7873275643878553e+46,9.723518673892305e+42,-1.7873275643878556e+46,-2.3522309442372954e+47,64,15,42,47,29,81,19,47,45,62,23,29,22,23,48,43,55,61,10,15,0,11,17,7,4,4,7,7,1,1,9,17,10,6,8,6,9,1,8,1,18,10,17,16,6,6,3,1,14,6,11,12,1,1,18,15,1,18,18,15,18,6,8,5,17,6,1,15,18,5,5,18,7,4,6,20,14,6,10,18,3,6,6,3,7,8,9,4,1,17,19,4,16,18,16,11,11,10,14,10,6,6,17,18,8,6,16,1,15,2,9,3,5,15,4,15,4,6,15,10,15,1,1
4059,44339,626817,9978713,44369,474440,6533120,630369,6646498,10019783,4059,-179927662,7975847285314,-353553980237906440,-180049402,7981243632627,-353793183169016217,7986643939546,-354032561612489737,-354272115705885604,4.9028402337138e+24,1.1236480853706988e+26,1.955291396254193e+32,-2.099084947107387e+36,1.123648085370699e+26,1.044440514066816e+31,-1.7026083161435166e+35,1.955291396254193e+32,-1.7026083161435166e+35,-2.099084947107387e+36,46,6,26,27,16,41,7,27,37,38,9,23,17,13,17,21,17,32,3,11,0,11,1,11,14,9,8,5,1,15,4,8,10,3,16,15,6,12,13,17,18,4,18,3,10,7,17,1,9,6,15,5,15,1,1,18,13,16,6,1,16,17,6,8,20,4,1,10,4,10,15,3,6,3,9,6,15,20,10,6,9,6,18,10,9,1,18,4,12,8,12,12,17,10,6,13,1,10,10,14,9,9,10,16,18,18,3,14,4,9,18,3,9,5,11,8,4,10,3,6,17,4,12
12777,229305,5387405,142395645,230053,4134362,97352826,5436661,97524436,144264205,12777,-2929600680,671719508531780,-154016587338003676680,-2939157128,673910677067237,-154518993625346738009,676108995821636,-155023039363427463171,-155528729904012549692,3.1213776873300416e+45,1.5662372117027884e+46,1.724713561774002e+54,-7.773023868573608e+58,1.566237211702821e+46,8.893420648462914e+52,-5.74258024820597e+57,1.724713561774002e+54,-5.74258024820597e+57,-7.773023868573608e+58,81,18,66,83,38,74,34,65,62,139,36,34,58,63,62,100,69,80,13,48,0,11,15,16,15,16,12,16,6,18,15,10,3,6,20,1,15,10,18,14,14,17,8,10,2,7,14,12,13,18,17,6,10,10,13,1,16,20,3,14,9,3,1,19,18,15,3,12,18,20,16,8,10,1,18,19,6,10,6,10,1,20,15,9,12,1,3,15,3,4,3,9,1,9,1,20,4,10,4,14,16,18,18,9,10,11,15,6,10,10,7,2,11,8,15,14,18,3,9,18,4,16,5
11414,199133,4564695,117719783,189177,3259530,74138722,4122355,70576918,101046291,11414,-2272704929,452530901239563,-90105941364021312329,-2159077101,429905832229422,-85600937986263975956,408411944920903,-81321170501795678044,-77255377809290035977,7.966861195493061e+43,3.804817398446219e+46,3.507443956179548e+52,-1.301887709887431e+57,3.8048173984462176e+46,1.7924116227674433e+51,-8.411248269196563e+55,3.507443956179548e+52,-8.411248269196563e+55,-1.301887709887431e+57,51,20,63,68,44,67,24,74,64,126,18,47,58,64,61,67,47,70,14,46,0,11,1,6,1,1,6,10,17,1,4,18,16,19,9,18,10,4,15,15,1,15,17,9,15,16,6,16,18,20,4,13,10,9,16,8,12,10,13,15,13,3,12,4,17,10,19,3,9,10,3,7,20,20,15,8,18,9,16,17,10,10,10,20,14,16,13,17,17,6,10,5,13,17,9,17,2,6,6,3,14,9,1,9,8,14,3,16,10,20,2,1,1,6,1,19,1,10,1,10,1,20,15
4063,44400,638038,10345038,41366,442190,6269182,545826,5725872,8075000,4063,-180352800,8005693598038,-355365324016316562,-168028692,7458637716590,-331082013358882726,6948964273142,-308458075424595608,-287380118008377708,4.907671808223499e+24,1.009898875234306e+27,1.754864182392635e+32,-1.559226087811258e+36,1.009898875234307e+27,9.162929393659362e+30,-1.0297783690083982e+35,1.754864182392635e+32,-1.0297783690083982e+35,-1.5592260878112582e+36,29,7,22,36,18,23,15,18,15,46,11,8,24,15,34,24,18,27,7,9,0,11,17,10,3,18,6,13,4,3,4,10,13,3,19,1,1,1,9,4,5,20,14,9,20,3,13,9,3,18,8,6,15,6,18,16,16,18,18,15,15,2,18,7,15,1,17,6,7,4,5,1,18,9,8,11,4,18,17,1,4,15,10,16,13,4,14,10,4,4,18,15,4,1,17,15,15,4,17,7,8,10,15,14,18,1,6,7,13,7,8,8,17,10,8,3,16,20,4,16,16,16,5
2463,20494,223490,2757760,20479,169606,1840068,219679,1813058,2648419,2463,-50456228,1033630156086,-21174618013763060,-50419298,1032873566192,-21159117653802610,1032117633980,-21143630768491756,-21128157344878244,1.2183407883864796e+18,4.283321265173726e+19,1.1551136855733107e+25,-5.367508165547693e+28,4.283321265173726e+19,6.331592160967633e+23,-4.7064293573893905e+27,1.1551136855733107e+25,-4.706429357389391e+27,-5.367508165547693e+28,23,3,10,24,6,18,7,15,22,21,9,9,14,7,17,9,14,12,7,6,0,11,1,17,7,15,10,18,11,18,15,7,6,4,16,17,19,12,14,4,12,15,5,2,6,19,5,3,1,4,10,16,4,9,6,17,4,4,1,9,15,6,1,9,1,8,9,3,1,9,11,4,5,3,8,2,20,17,16,18,10,9,15,1,8,15,17,10,19,1,8,10,3,6,17,3,14,11,19,10,13,18,18,15,17,19,15,10,12,4,15,7,20,6,6,10,17,6,10,12,9,1,4
5302,62272,958752,16661854,61282,710309,10860889,933898,10718771,16050472,5302,-330103872,20552351473952,-1279594671890938530,-324855882,20225610041509,-1259251652019406183,19904063611098,-1239232074767881633,-1219530797120213868,3.2405515183764943e+27,4.216750994554119e+29,1.9908446687310817e+35,-2.6635929296416756e+39,4.21675099455412e+29,1.087746860459937e+34,-2.0228327660594814e+38,1.9908446687310825e+35,-2.0228327660594814e+38,-2.6635929296416756e+39,45,6,12,24,42,44,7,46,22,56,17,14,21,17,16,43,27,41,7,17,0,11,17,4,3,9,18,17,6,17,10,18,5,17,18,8,17,1,18,10,6,16,5,14,5,6,20,3,8,6,18,8,12,1,13,14,14,18,8,8,16,7,20,15,7,18,10,6,18,13,10,3,3,15,9,1,8,12,12,20,18,8,12,16,17,3,4,10,13,17,8,16,20,16,11,12,13,9,13,17,13,19,1,4,4,4,17,18,1,1,1,14,10,8,17,11,10,19,16,10,16,18,16
1653,10992,95256,937284,10793,70460,600490,88033,564554,803855,1653,-18158784,199480624920,-2191365024179772,-17830036,195869189516,-2151691879030958,192323177732,-2112737444586942,-2074488692590702,243353697001678.78,1.4552039991264398e+16,7.03379967614781e+20,-1.320941581648475e+24,1.4552039991264394e+16,3.6092158773555892e+19,-1.0969519171442312e+23,7.03379967614781e+20,-1.0969519171442312e+23,-1.320941581648475e+24,7,6,6,6,6,7,2,9,12,13,2,6,13,11,1,16,6,16,2,4,0,11,15,5,10,1,1,17,5,10,10,10,1,10,16,17,1,1,14,1,4,13,18,14,5,9,3,2,6,16,18,3,6,18,8,9,4,18,12,18,16,13,2,13,17,14,13,2,14,10,16,9,6,14,16,20,16,18,12,18,17,5,17,16,12,8,14,16,9,16,16,9,1,18,18,7,6,8,10,11,6,18,13,18,13,5,13,8,13,4,13,3,6,2,9,16,6,8,12,2,13,8,14
15003,299789,7862839,231922133,287472,5712949,149599505,7299078,144746403,208875876,15003,-4497434578,1348191549122360,-404146057963937035780,-4312654944,1292800337776357,-387541488335668669025,1239684909209862,-371619127923432937995,-356350947687303496572,7.235157082352152e+51,3.852052910245959e+54,6.545028237592832e+60,-3.659188734968398e+65,3.852052910245959e+54,3.3913734417061803e+59,-2.432866731145972e+64,6.545028237592832e+60,-2.432866731145972e+64,-3.659188734968398e+65,134,29,61,80,36,106,36,106,74,132,44,49,72,69,53,126,82,141,11,24,0,11,13,4,14,4,15,14,8,17,1,15,4,6,1,16,15,9,8,10,16,9,10,16,10,13,17,15,1,19,4,13,1,11,9,9,16,5,1,5,3,12,18,6,20,4,6,6,10,3,6,10,6,13,16,16,14,18,1,17,16,17,18,15,8,10,6,11,17,2,14,16,2,18,9,16,8,4,3,15,8,16,12,10,9,6,8,8,16,11,9,18,16,10,4,14,6,16,1,17,18,9,20
13191,265267,6959451,204965701,259824,5197944,136054064,6761862,134155034,197041896,13191,-3498871730,928064847580072,-246166315683124581194,-3427078560,909021930840456,-241115240788577762224,890369758024326,-236167809522624863128,-231321895191147673080,6.36132487324584e+51,1.2562280504492366e+54,5.980581553116052e+60,-3.5005830173599836e+65,1.2562280504492366e+54,3.0971300464265383e+59,-2.4567422078004056e+64,5.980581553116052e+60,-2.4567422078004056e+64,-3.5005830173599836e+65,139,18,66,75,27,391,9,24,57,48,13,28,278,49,71,60,45,47,6,13,0,11,5,16,5,18,3,10,15,10,10,10,10,10,1,1,17,1,10,10,17,7,6,14,4,4,6,14,18,4,6,14,3,4,3,8,13,13,8,17,2,18,14,12,6,10,15,20,7,3,15,3,18,19,9,13,4,13,2,15,8,2,18,2,3,12,6,9,18,10,2,3,3,18,8,2,3,4,17,9,12,2,13,6,1,4,18,13,4,6,4,2,2,13,18,2,13,3,6,16,4,16,13
14312,269242,6699060,187841260,271699,5100753,126927167,6584107,123244949,176932099,14312,-3853122262,1037349859509900,-279278636790951959092,-3888284389,1046816317781733,-281827226424153487149,1056369166444417,-284399074345683909217,-286994392817044152871,4.657168798477034e+48,8.030237297107852e+49,3.3320687302374734e+57,-1.6256351506383987e+62,8.030237297107852e+49,1.544453625276463e+56,-1.1005589587072513e+61,3.3320687302374734e+57,-1.1005589587072513e+61,-1.6256351506383987e+62,23,2,259,64,3,80,15,24,43,10,4,119,14,21,14,542,29,23,4,8,0,11,9,8,8,17,20,5,2,8,19,1,18,1,19,1,8,13,18,13,14,16,9,13,10,4,15,7,18,4,9,16,11,12,10,7,10,10,1,15,16,12,18,16,18,14,3,4,10,12,1,16,6,17,8,9,4,16,6,18,10,18,7,4,6,3,15,6,15,14,4,12,17,14,3,6,7,9,6,4,6,12,6,16,9,19,1,4,18,6,6,9,16,5,16,17,20,16,17,10,1,12,4
16338,343571,9572721,300402347,330745,6910755,191774807,8833355,183127213,266102029,16338,-5612919427,1928318308994497,-662473700841647221411,-5403381065,1856331408403475,-637742602375720747123,1787031886921755,-613934752986355290567,-591015686341457510771,1.2921489976325392e+55,6.69246678027742e+57,1.5150030527054494e+64,-9.738217256332294e+68,6.69246678027742e+57,7.712431048523522e+62,-6.489179960206217e+67,1.5150030527054494e+64,-6.489179960206217e+67,-9.738217256332294e+68,114,57,138,70,48,118,39,88,52,153,29,62,103,56,98,110,98,97,35,50,0,11,4,1,1,13,13,6,13,13,19,13,10,10,10,10,10,10,10,10,10,1,10,2,6,2,13,1,13,1,1,1,16,13,10,10,10,5,1,12,15,15,3,18,15,10,18,3,1,6,6,18,9,10,4,16,17,8,18,18,16,6,10,4,3,1,1,1,18,3,5,14,5,16,9,6,1,18,20,19,17,3,18,16,4,4,1,8,9,14,17,20,10,12,14,17,6,1,1,18,14,12,18
